Date,Currency,CPI
1988-01-31 00:00:00,USD,1.000000
1988-02-29 00:00:00,USD,1.001724
1988-03-31 00:00:00,USD,1.004310
1988-04-30 00:00:00,USD,1.010345
1988-05-31 00:00:00,USD,1.012931
1988-06-30 00:00:00,USD,1.017241
1988-07-31 00:00:00,USD,1.021552
1988-08-31 00:00:00,USD,1.025862
1988-09-30 00:00:00,USD,1.030172
1988-10-31 00:00:00,USD,1.033621
1988-11-30 00:00:00,USD,1.037069
1988-12-31 00:00:00,USD,1.040517
1989-01-31 00:00:00,USD,1.044828
1989-02-28 00:00:00,USD,1.048276
1989-03-31 00:00:00,USD,1.053448
1989-04-30 00:00:00,USD,1.061207
1989-05-31 00:00:00,USD,1.066379
1989-06-30 00:00:00,USD,1.069828
1989-07-31 00:00:00,USD,1.073276
1989-08-31 00:00:00,USD,1.073276
1989-09-30 00:00:00,USD,1.075862
1989-10-31 00:00:00,USD,1.081034
1989-11-30 00:00:00,USD,1.085345
1989-12-31 00:00:00,USD,1.088793
1990-01-31 00:00:00,USD,1.099138
1990-02-28 00:00:00,USD,1.103448
1990-03-31 00:00:00,USD,1.108621
1990-04-30 00:00:00,USD,1.111207
1990-05-31 00:00:00,USD,1.112931
1990-06-30 00:00:00,USD,1.119828
1990-07-31 00:00:00,USD,1.125000
1990-08-31 00:00:00,USD,1.134483
1990-09-30 00:00:00,USD,1.142241
1990-10-31 00:00:00,USD,1.150000
1990-11-30 00:00:00,USD,1.152586
1990-12-31 00:00:00,USD,1.156897
1991-01-31 00:00:00,USD,1.161207
1991-02-28 00:00:00,USD,1.162069
1991-03-31 00:00:00,USD,1.162069
1991-04-30 00:00:00,USD,1.164655
1991-05-31 00:00:00,USD,1.168966
1991-06-30 00:00:00,USD,1.172414
1991-07-31 00:00:00,USD,1.174138
1991-08-31 00:00:00,USD,1.177586
1991-09-30 00:00:00,USD,1.181034
1991-10-31 00:00:00,USD,1.182759
1991-11-30 00:00:00,USD,1.187931
1991-12-31 00:00:00,USD,1.191379
1992-01-31 00:00:00,USD,1.192241
1992-02-29 00:00:00,USD,1.194828
1992-03-31 00:00:00,USD,1.199138
1992-04-30 00:00:00,USD,1.201724
1992-05-31 00:00:00,USD,1.204310
1992-06-30 00:00:00,USD,1.207759
1992-07-31 00:00:00,USD,1.211207
1992-08-31 00:00:00,USD,1.213793
1992-09-30 00:00:00,USD,1.216379
1992-10-31 00:00:00,USD,1.221552
1992-11-30 00:00:00,USD,1.225000
1992-12-31 00:00:00,USD,1.226724
1993-01-31 00:00:00,USD,1.231034
1993-02-28 00:00:00,USD,1.233621
1993-03-31 00:00:00,USD,1.235345
1993-04-30 00:00:00,USD,1.239655
1993-05-31 00:00:00,USD,1.243103
1993-06-30 00:00:00,USD,1.243966
1993-07-31 00:00:00,USD,1.245690
1993-08-31 00:00:00,USD,1.248276
1993-09-30 00:00:00,USD,1.250000
1993-10-31 00:00:00,USD,1.255172
1993-11-30 00:00:00,USD,1.258621
1993-12-31 00:00:00,USD,1.261207
1994-01-31 00:00:00,USD,1.261207
1994-02-28 00:00:00,USD,1.264655
1994-03-31 00:00:00,USD,1.268103
1994-04-30 00:00:00,USD,1.268966
1994-05-31 00:00:00,USD,1.271552
1994-06-30 00:00:00,USD,1.275000
1994-07-31 00:00:00,USD,1.279310
1994-08-31 00:00:00,USD,1.284483
1994-09-30 00:00:00,USD,1.287069
1994-10-31 00:00:00,USD,1.287931
1994-11-30 00:00:00,USD,1.291379
1994-12-31 00:00:00,USD,1.293966
1995-01-31 00:00:00,USD,1.297414
1995-02-28 00:00:00,USD,1.300862
1995-03-31 00:00:00,USD,1.303448
1995-04-30 00:00:00,USD,1.308621
1995-05-31 00:00:00,USD,1.311207
1995-06-30 00:00:00,USD,1.313793
1995-07-31 00:00:00,USD,1.315517
1995-08-31 00:00:00,USD,1.318103
1995-09-30 00:00:00,USD,1.319828
1995-10-31 00:00:00,USD,1.323276
1995-11-30 00:00:00,USD,1.325000
1995-12-31 00:00:00,USD,1.326724
1996-01-31 00:00:00,USD,1.333621
1996-02-29 00:00:00,USD,1.336207
1996-03-31 00:00:00,USD,1.340517
1996-04-30 00:00:00,USD,1.345690
1996-05-31 00:00:00,USD,1.348276
1996-06-30 00:00:00,USD,1.350862
1996-07-31 00:00:00,USD,1.353448
1996-08-31 00:00:00,USD,1.355172
1996-09-30 00:00:00,USD,1.359483
1996-10-31 00:00:00,USD,1.363793
1996-11-30 00:00:00,USD,1.368103
1996-12-31 00:00:00,USD,1.371552
1997-01-31 00:00:00,USD,1.374138
1997-02-28 00:00:00,USD,1.376724
1997-03-31 00:00:00,USD,1.377586
1997-04-30 00:00:00,USD,1.378448
1997-05-31 00:00:00,USD,1.378448
1997-06-30 00:00:00,USD,1.381034
1997-07-31 00:00:00,USD,1.382759
1997-08-31 00:00:00,USD,1.386207
1997-09-30 00:00:00,USD,1.389655
1997-10-31 00:00:00,USD,1.392241
1997-11-30 00:00:00,USD,1.393966
1997-12-31 00:00:00,USD,1.394828
1998-01-31 00:00:00,USD,1.396552
1998-02-28 00:00:00,USD,1.396552
1998-03-31 00:00:00,USD,1.396552
1998-04-30 00:00:00,USD,1.398276
1998-05-31 00:00:00,USD,1.401724
1998-06-30 00:00:00,USD,1.403448
1998-07-31 00:00:00,USD,1.406897
1998-08-31 00:00:00,USD,1.408621
1998-09-30 00:00:00,USD,1.409483
1998-10-31 00:00:00,USD,1.412931
1998-11-30 00:00:00,USD,1.414655
1998-12-31 00:00:00,USD,1.417241
1999-01-31 00:00:00,USD,1.419828
1999-02-28 00:00:00,USD,1.419828
1999-03-31 00:00:00,USD,1.420690
1999-04-30 00:00:00,USD,1.430172
1999-05-31 00:00:00,USD,1.431034
1999-06-30 00:00:00,USD,1.431034
1999-07-31 00:00:00,USD,1.437069
1999-08-31 00:00:00,USD,1.440517
1999-09-30 00:00:00,USD,1.446552
1999-10-31 00:00:00,USD,1.449138
1999-11-30 00:00:00,USD,1.451724
1999-12-31 00:00:00,USD,1.455172
2000-01-31 00:00:00,USD,1.459483
2000-02-29 00:00:00,USD,1.465517
2000-03-31 00:00:00,USD,1.474138
2000-04-30 00:00:00,USD,1.473276
2000-05-31 00:00:00,USD,1.475862
2000-06-30 00:00:00,USD,1.484483
2000-07-31 00:00:00,USD,1.488793
2000-08-31 00:00:00,USD,1.488793
2000-09-30 00:00:00,USD,1.496552
2000-10-31 00:00:00,USD,1.499138
2000-11-30 00:00:00,USD,1.501724
2000-12-31 00:00:00,USD,1.505172
2001-01-31 00:00:00,USD,1.513793
2001-02-28 00:00:00,USD,1.517241
2001-03-31 00:00:00,USD,1.518103
2001-04-30 00:00:00,USD,1.520690
2001-05-31 00:00:00,USD,1.528448
2001-06-30 00:00:00,USD,1.531897
2001-07-31 00:00:00,USD,1.529310
2001-08-31 00:00:00,USD,1.529310
2001-09-30 00:00:00,USD,1.535345
2001-10-31 00:00:00,USD,1.531034
2001-11-30 00:00:00,USD,1.530172
2001-12-31 00:00:00,USD,1.529310
2002-01-31 00:00:00,USD,1.531897
2002-02-28 00:00:00,USD,1.534483
2002-03-31 00:00:00,USD,1.538793
2002-04-30 00:00:00,USD,1.545690
2002-05-31 00:00:00,USD,1.547414
2002-06-30 00:00:00,USD,1.548276
2002-07-31 00:00:00,USD,1.551724
2002-08-31 00:00:00,USD,1.556034
2002-09-30 00:00:00,USD,1.558621
2002-10-31 00:00:00,USD,1.562069
2002-11-30 00:00:00,USD,1.564655
2002-12-31 00:00:00,USD,1.567241
2003-01-31 00:00:00,USD,1.574138
2003-02-28 00:00:00,USD,1.582759
2003-03-31 00:00:00,USD,1.585345
2003-04-30 00:00:00,USD,1.579310
2003-05-31 00:00:00,USD,1.576724
2003-06-30 00:00:00,USD,1.578448
2003-07-31 00:00:00,USD,1.583621
2003-08-31 00:00:00,USD,1.590517
2003-09-30 00:00:00,USD,1.595690
2003-10-31 00:00:00,USD,1.593966
2003-11-30 00:00:00,USD,1.594828
2003-12-31 00:00:00,USD,1.599138
2004-01-31 00:00:00,USD,1.606034
2004-02-29 00:00:00,USD,1.609483
2004-03-31 00:00:00,USD,1.612931
2004-04-30 00:00:00,USD,1.615517
2004-05-31 00:00:00,USD,1.622414
2004-06-30 00:00:00,USD,1.628448
2004-07-31 00:00:00,USD,1.630172
2004-08-31 00:00:00,USD,1.631034
2004-09-30 00:00:00,USD,1.636207
2004-10-31 00:00:00,USD,1.644828
2004-11-30 00:00:00,USD,1.652586
2004-12-31 00:00:00,USD,1.652586
2005-01-31 00:00:00,USD,1.651724
2005-02-28 00:00:00,USD,1.658621
2005-03-31 00:00:00,USD,1.664655
2005-04-30 00:00:00,USD,1.669828
2005-05-31 00:00:00,USD,1.668966
2005-06-30 00:00:00,USD,1.669828
2005-07-31 00:00:00,USD,1.680172
2005-08-31 00:00:00,USD,1.690517
2005-09-30 00:00:00,USD,1.713793
2005-10-31 00:00:00,USD,1.716379
2005-11-30 00:00:00,USD,1.707759
2005-12-31 00:00:00,USD,1.707759
2006-01-31 00:00:00,USD,1.718103
2006-02-28 00:00:00,USD,1.718966
2006-03-31 00:00:00,USD,1.721552
2006-04-30 00:00:00,USD,1.730172
2006-05-31 00:00:00,USD,1.735345
2006-06-30 00:00:00,USD,1.739655
2006-07-31 00:00:00,USD,1.749138
2006-08-31 00:00:00,USD,1.756897
2006-09-30 00:00:00,USD,1.748276
2006-10-31 00:00:00,USD,1.740517
2006-11-30 00:00:00,USD,1.741379
2006-12-31 00:00:00,USD,1.750862
2007-01-31 00:00:00,USD,1.753767
2007-02-28 00:00:00,USD,1.760569
2007-03-31 00:00:00,USD,1.769724
2007-04-30 00:00:00,USD,1.775034
2007-05-31 00:00:00,USD,1.782371
2007-06-30 00:00:00,USD,1.786500
2007-07-31 00:00:00,USD,1.789681
2007-08-31 00:00:00,USD,1.790233
2007-09-30 00:00:00,USD,1.797819
2007-10-31 00:00:00,USD,1.803362
2007-11-30 00:00:00,USD,1.817534
2007-12-31 00:00:00,USD,1.822802
2008-01-31 00:00:00,USD,1.829302
2008-02-29 00:00:00,USD,1.832957
2008-03-31 00:00:00,USD,1.840009
2008-04-30 00:00:00,USD,1.844578
2008-05-31 00:00:00,USD,1.855224
2008-06-30 00:00:00,USD,1.874741
2008-07-31 00:00:00,USD,1.888707
2008-08-31 00:00:00,USD,1.885767
2008-09-30 00:00:00,USD,1.886828
2008-10-31 00:00:00,USD,1.870397
2008-11-30 00:00:00,USD,1.836845
2008-12-31 00:00:00,USD,1.822422
2009-01-31 00:00:00,USD,1.827259
2009-02-28 00:00:00,USD,1.834681
2009-03-31 00:00:00,USD,1.832422
2009-04-30 00:00:00,USD,1.833664
2009-05-31 00:00:00,USD,1.836009
2009-06-30 00:00:00,USD,1.851241
2009-07-31 00:00:00,USD,1.851086
2009-08-31 00:00:00,USD,1.857578
2009-09-30 00:00:00,USD,1.861060
2009-10-31 00:00:00,USD,1.866172
2009-11-30 00:00:00,USD,1.871664
2009-12-31 00:00:00,USD,1.873534
2010-01-31 00:00:00,USD,1.874733
2010-02-28 00:00:00,USD,1.874112
2010-03-31 00:00:00,USD,1.874483
2010-04-30 00:00:00,USD,1.873905
2010-05-31 00:00:00,USD,1.872259
2010-06-30 00:00:00,USD,1.872466
2010-07-31 00:00:00,USD,1.876284
2010-08-31 00:00:00,USD,1.879845
2010-09-30 00:00:00,USD,1.882448
2010-10-31 00:00:00,USD,1.888103
2010-11-30 00:00:00,USD,1.891733
2010-12-31 00:00:00,USD,1.900121
2011-01-31 00:00:00,USD,1.905483
2011-02-28 00:00:00,USD,1.913862
2011-03-31 00:00:00,USD,1.924078
2011-04-30 00:00:00,USD,1.931293
2011-05-31 00:00:00,USD,1.936500
2011-06-30 00:00:00,USD,1.938250
2011-07-31 00:00:00,USD,1.944095
2011-08-31 00:00:00,USD,1.950569
2011-09-30 00:00:00,USD,1.955776
2011-10-31 00:00:00,USD,1.955207
2011-11-30 00:00:00,USD,1.957017
2011-12-31 00:00:00,USD,1.957181
2012-01-31 00:00:00,USD,1.961250
2012-02-29 00:00:00,USD,1.969250
2012-03-31 00:00:00,USD,1.974983
2012-04-30 00:00:00,USD,1.975664
2012-05-31 00:00:00,USD,1.970060
2012-06-30 00:00:00,USD,1.970845
2012-07-31 00:00:00,USD,1.971750
2012-08-31 00:00:00,USD,1.983638
2012-09-30 00:00:00,USD,1.994948
2012-10-31 00:00:00,USD,1.997853
2012-11-30 00:00:00,USD,1.997853
2012-12-31 00:00:00,USD,1.997853
1988-01-31 00:00:00,EUR,1.000000
1988-02-29 00:00:00,EUR,1.002991
1988-03-31 00:00:00,EUR,1.007476
1988-04-30 00:00:00,EUR,1.010633
1988-05-31 00:00:00,EUR,1.012128
1988-06-30 00:00:00,EUR,1.015119
1988-07-31 00:00:00,EUR,1.018109
1988-08-31 00:00:00,EUR,1.021100
1988-09-30 00:00:00,EUR,1.025586
1988-10-31 00:00:00,EUR,1.030071
1988-11-30 00:00:00,EUR,1.033228
1988-12-31 00:00:00,EUR,1.036219
1989-01-31 00:00:00,EUR,1.043695
1989-02-28 00:00:00,EUR,1.046685
1989-03-31 00:00:00,EUR,1.052667
1989-04-30 00:00:00,EUR,1.058814
1989-05-31 00:00:00,EUR,1.061804
1989-06-30 00:00:00,EUR,1.064795
1989-07-31 00:00:00,EUR,1.067785
1989-08-31 00:00:00,EUR,1.069281
1989-09-30 00:00:00,EUR,1.075262
1989-10-31 00:00:00,EUR,1.079914
1989-11-30 00:00:00,EUR,1.082904
1989-12-31 00:00:00,EUR,1.087390
1990-01-31 00:00:00,EUR,1.094866
1990-02-28 00:00:00,EUR,1.099352
1990-03-31 00:00:00,EUR,1.104004
1990-04-30 00:00:00,EUR,1.108490
1990-05-31 00:00:00,EUR,1.111480
1990-06-30 00:00:00,EUR,1.114471
1990-07-31 00:00:00,EUR,1.117461
1990-08-31 00:00:00,EUR,1.123442
1990-09-30 00:00:00,EUR,1.132580
1990-10-31 00:00:00,EUR,1.140056
1990-11-30 00:00:00,EUR,1.141552
1990-12-31 00:00:00,EUR,1.143047
1991-01-31 00:00:00,EUR,1.150689
1991-02-28 00:00:00,EUR,1.155175
1991-03-31 00:00:00,EUR,1.159661
1991-04-30 00:00:00,EUR,1.164147
1991-05-31 00:00:00,EUR,1.167137
1991-06-30 00:00:00,EUR,1.173285
1991-07-31 00:00:00,EUR,1.182256
1991-08-31 00:00:00,EUR,1.183751
1991-09-30 00:00:00,EUR,1.188237
1991-10-31 00:00:00,EUR,1.197375
1991-11-30 00:00:00,EUR,1.203356
1991-12-31 00:00:00,EUR,1.204851
1992-01-31 00:00:00,EUR,1.212328
1992-02-29 00:00:00,EUR,1.218475
1992-03-31 00:00:00,EUR,1.224456
1992-04-30 00:00:00,EUR,1.228942
1992-05-31 00:00:00,EUR,1.231932
1992-06-30 00:00:00,EUR,1.234923
1992-07-31 00:00:00,EUR,1.236418
1992-08-31 00:00:00,EUR,1.239409
1992-09-30 00:00:00,EUR,1.244060
1992-10-31 00:00:00,EUR,1.247051
1992-11-30 00:00:00,EUR,1.251537
1992-12-31 00:00:00,EUR,1.253032
1993-01-31 00:00:00,EUR,1.265160
1993-02-28 00:00:00,EUR,1.271141
1993-03-31 00:00:00,EUR,1.277122
1993-04-30 00:00:00,EUR,1.280113
1993-05-31 00:00:00,EUR,1.283104
1993-06-30 00:00:00,EUR,1.286260
1993-07-31 00:00:00,EUR,1.290746
1993-08-31 00:00:00,EUR,1.292241
1993-09-30 00:00:00,EUR,1.295232
1993-10-31 00:00:00,EUR,1.299718
1993-11-30 00:00:00,EUR,1.301213
1993-12-31 00:00:00,EUR,1.304203
1994-01-31 00:00:00,EUR,1.310351
1994-02-28 00:00:00,EUR,1.316332
1994-03-31 00:00:00,EUR,1.320817
1994-04-30 00:00:00,EUR,1.323808
1994-05-31 00:00:00,EUR,1.328294
1994-06-30 00:00:00,EUR,1.329789
1994-07-31 00:00:00,EUR,1.332946
1994-08-31 00:00:00,EUR,1.335936
1994-09-30 00:00:00,EUR,1.338927
1994-10-31 00:00:00,EUR,1.340422
1994-11-30 00:00:00,EUR,1.341917
1994-12-31 00:00:00,EUR,1.344908
1995-01-31 00:00:00,EUR,1.350889
1995-02-28 00:00:00,EUR,1.357036
1995-03-31 00:00:00,EUR,1.363017
1995-04-30 00:00:00,EUR,1.366008
1995-05-31 00:00:00,EUR,1.368998
1995-06-30 00:00:00,EUR,1.371989
1995-07-31 00:00:00,EUR,1.373484
1995-08-31 00:00:00,EUR,1.376474
1995-09-30 00:00:00,EUR,1.379631
1995-10-31 00:00:00,EUR,1.381126
1995-11-30 00:00:00,EUR,1.382622
1995-12-31 00:00:00,EUR,1.385612
1996-01-31 00:00:00,EUR,1.390098
1996-02-29 00:00:00,EUR,1.397076
1996-03-31 00:00:00,EUR,1.401396
1996-04-30 00:00:00,EUR,1.404220
1996-05-31 00:00:00,EUR,1.407044
1996-06-30 00:00:00,EUR,1.407044
1996-07-31 00:00:00,EUR,1.407044
1996-08-31 00:00:00,EUR,1.407044
1996-09-30 00:00:00,EUR,1.409869
1996-10-31 00:00:00,EUR,1.411198
1996-11-30 00:00:00,EUR,1.411198
1996-12-31 00:00:00,EUR,1.414022
1997-01-31 00:00:00,EUR,1.418176
1997-02-28 00:00:00,EUR,1.422495
1997-03-31 00:00:00,EUR,1.423825
1997-04-30 00:00:00,EUR,1.422495
1997-05-31 00:00:00,EUR,1.426649
1997-06-30 00:00:00,EUR,1.426649
1997-07-31 00:00:00,EUR,1.428144
1997-08-31 00:00:00,EUR,1.430969
1997-09-30 00:00:00,EUR,1.432298
1997-10-31 00:00:00,EUR,1.432298
1997-11-30 00:00:00,EUR,1.433627
1997-12-31 00:00:00,EUR,1.435122
1998-01-31 00:00:00,EUR,1.433627
1998-02-28 00:00:00,EUR,1.437947
1998-03-31 00:00:00,EUR,1.439276
1998-04-30 00:00:00,EUR,1.442100
1998-05-31 00:00:00,EUR,1.444924
1998-06-30 00:00:00,EUR,1.446420
1998-07-31 00:00:00,EUR,1.446420
1998-08-31 00:00:00,EUR,1.446420
1998-09-30 00:00:00,EUR,1.446420
1998-10-31 00:00:00,EUR,1.444924
1998-11-30 00:00:00,EUR,1.444924
1998-12-31 00:00:00,EUR,1.446420
1999-01-31 00:00:00,EUR,1.444924
1999-02-28 00:00:00,EUR,1.449244
1999-03-31 00:00:00,EUR,1.453398
1999-04-30 00:00:00,EUR,1.457551
1999-05-31 00:00:00,EUR,1.459046
1999-06-30 00:00:00,EUR,1.459046
1999-07-31 00:00:00,EUR,1.461871
1999-08-31 00:00:00,EUR,1.463200
1999-09-30 00:00:00,EUR,1.463200
1999-10-31 00:00:00,EUR,1.464695
1999-11-30 00:00:00,EUR,1.466024
1999-12-31 00:00:00,EUR,1.471673
2000-01-31 00:00:00,EUR,1.471673
2000-02-29 00:00:00,EUR,1.477322
2000-03-31 00:00:00,EUR,1.481475
2000-04-30 00:00:00,EUR,1.482971
2000-05-31 00:00:00,EUR,1.484300
2000-06-30 00:00:00,EUR,1.489948
2000-07-31 00:00:00,EUR,1.491278
2000-08-31 00:00:00,EUR,1.492773
2000-09-30 00:00:00,EUR,1.499751
2000-10-31 00:00:00,EUR,1.499751
2000-11-30 00:00:00,EUR,1.502575
2000-12-31 00:00:00,EUR,1.508224
2001-01-31 00:00:00,EUR,1.501246
2001-02-28 00:00:00,EUR,1.505400
2001-03-31 00:00:00,EUR,1.513873
2001-04-30 00:00:00,EUR,1.523675
2001-05-31 00:00:00,EUR,1.530653
2001-06-30 00:00:00,EUR,1.532148
2001-07-31 00:00:00,EUR,1.529324
2001-08-31 00:00:00,EUR,1.527829
2001-09-30 00:00:00,EUR,1.532148
2001-10-31 00:00:00,EUR,1.533477
2001-11-30 00:00:00,EUR,1.532148
2001-12-31 00:00:00,EUR,1.539126
2002-01-31 00:00:00,EUR,1.540455
2002-02-28 00:00:00,EUR,1.543280
2002-03-31 00:00:00,EUR,1.551753
2002-04-30 00:00:00,EUR,1.558731
2002-05-31 00:00:00,EUR,1.561555
2002-06-30 00:00:00,EUR,1.561555
2002-07-31 00:00:00,EUR,1.560226
2002-08-31 00:00:00,EUR,1.560226
2002-09-30 00:00:00,EUR,1.564379
2002-10-31 00:00:00,EUR,1.568699
2002-11-30 00:00:00,EUR,1.567204
2002-12-31 00:00:00,EUR,1.574182
2003-01-31 00:00:00,EUR,1.572853
2003-02-28 00:00:00,EUR,1.579831
2003-03-31 00:00:00,EUR,1.589799
2003-04-30 00:00:00,EUR,1.591128
2003-05-31 00:00:00,EUR,1.589799
2003-06-30 00:00:00,EUR,1.591128
2003-07-31 00:00:00,EUR,1.589799
2003-08-31 00:00:00,EUR,1.592457
2003-09-30 00:00:00,EUR,1.598106
2003-10-31 00:00:00,EUR,1.599601
2003-11-30 00:00:00,EUR,1.600930
2003-12-31 00:00:00,EUR,1.605250
2004-01-31 00:00:00,EUR,1.602426
2004-02-29 00:00:00,EUR,1.605250
2004-03-31 00:00:00,EUR,1.616381
2004-04-30 00:00:00,EUR,1.623526
2004-05-31 00:00:00,EUR,1.629008
2004-06-30 00:00:00,EUR,1.629008
2004-07-31 00:00:00,EUR,1.626184
2004-08-31 00:00:00,EUR,1.629008
2004-09-30 00:00:00,EUR,1.631833
2004-10-31 00:00:00,EUR,1.637481
2004-11-30 00:00:00,EUR,1.636152
2004-12-31 00:00:00,EUR,1.643130
2005-01-31 00:00:00,EUR,1.633328
2005-02-28 00:00:00,EUR,1.638977
2005-03-31 00:00:00,EUR,1.650108
2005-04-30 00:00:00,EUR,1.657252
2005-05-31 00:00:00,EUR,1.661406
2005-06-30 00:00:00,EUR,1.662735
2005-07-31 00:00:00,EUR,1.661406
2005-08-31 00:00:00,EUR,1.665559
2005-09-30 00:00:00,EUR,1.674032
2005-10-31 00:00:00,EUR,1.678352
2005-11-30 00:00:00,EUR,1.674032
2005-12-31 00:00:00,EUR,1.679681
2006-01-31 00:00:00,EUR,1.672371
2006-02-28 00:00:00,EUR,1.677189
2006-03-31 00:00:00,EUR,1.686825
2006-04-30 00:00:00,EUR,1.697956
2006-05-31 00:00:00,EUR,1.702608
2006-06-30 00:00:00,EUR,1.703938
2006-07-31 00:00:00,EUR,1.701778
2006-08-31 00:00:00,EUR,1.703273
2006-09-30 00:00:00,EUR,1.703273
2006-10-31 00:00:00,EUR,1.704602
2006-11-30 00:00:00,EUR,1.705267
2006-12-31 00:00:00,EUR,1.711912
2007-01-31 00:00:00,EUR,1.703107
2007-02-28 00:00:00,EUR,1.708091
2007-03-31 00:00:00,EUR,1.719555
2007-04-30 00:00:00,EUR,1.730354
2007-05-31 00:00:00,EUR,1.734507
2007-06-30 00:00:00,EUR,1.736169
2007-07-31 00:00:00,EUR,1.732015
2007-08-31 00:00:00,EUR,1.733012
2007-09-30 00:00:00,EUR,1.739658
2007-10-31 00:00:00,EUR,1.748131
2007-11-30 00:00:00,EUR,1.757435
2007-12-31 00:00:00,EUR,1.764413
2008-01-31 00:00:00,EUR,1.757767
2008-02-29 00:00:00,EUR,1.763914
2008-03-31 00:00:00,EUR,1.781193
2008-04-30 00:00:00,EUR,1.786842
2008-05-31 00:00:00,EUR,1.798139
2008-06-30 00:00:00,EUR,1.804951
2008-07-31 00:00:00,EUR,1.802127
2008-08-31 00:00:00,EUR,1.799634
2008-09-30 00:00:00,EUR,1.802957
2008-10-31 00:00:00,EUR,1.803456
2008-11-30 00:00:00,EUR,1.794650
2008-12-31 00:00:00,EUR,1.792324
2009-01-31 00:00:00,EUR,1.777372
2009-02-28 00:00:00,EUR,1.784682
2009-03-31 00:00:00,EUR,1.791327
2009-04-30 00:00:00,EUR,1.797807
2009-05-31 00:00:00,EUR,1.798804
2009-06-30 00:00:00,EUR,1.802293
2009-07-31 00:00:00,EUR,1.790331
2009-08-31 00:00:00,EUR,1.796478
2009-09-30 00:00:00,EUR,1.796976
2009-10-31 00:00:00,EUR,1.801130
2009-11-30 00:00:00,EUR,1.803290
2009-12-31 00:00:00,EUR,1.808938
2010-01-31 00:00:00,EUR,1.795149
2010-02-28 00:00:00,EUR,1.800797
2010-03-31 00:00:00,EUR,1.817079
2010-04-30 00:00:00,EUR,1.825386
2010-05-31 00:00:00,EUR,1.827712
2010-06-30 00:00:00,EUR,1.827878
2010-07-31 00:00:00,EUR,1.821731
2010-08-31 00:00:00,EUR,1.825386
2010-09-30 00:00:00,EUR,1.829041
2010-10-31 00:00:00,EUR,1.835521
2010-11-30 00:00:00,EUR,1.837847
2010-12-31 00:00:00,EUR,1.848978
2011-01-31 00:00:00,EUR,1.835853
2011-02-28 00:00:00,EUR,1.843496
2011-03-31 00:00:00,EUR,1.868583
2011-04-30 00:00:00,EUR,1.878884
2011-05-31 00:00:00,EUR,1.879050
2011-06-30 00:00:00,EUR,1.878884
2011-07-31 00:00:00,EUR,1.867918
2011-08-31 00:00:00,EUR,1.871573
2011-09-30 00:00:00,EUR,1.885363
2011-10-31 00:00:00,EUR,1.892009
2011-11-30 00:00:00,EUR,1.893670
2011-12-31 00:00:00,EUR,1.899817
2012-01-31 00:00:00,EUR,1.884532
2012-02-29 00:00:00,EUR,1.893836
2012-03-31 00:00:00,EUR,1.918425
2012-04-30 00:00:00,EUR,1.927397
2012-05-31 00:00:00,EUR,1.924738
2012-06-30 00:00:00,EUR,1.923243
2012-07-31 00:00:00,EUR,1.912942
2012-08-31 00:00:00,EUR,1.920419
2012-09-30 00:00:00,EUR,1.934541
2012-10-31 00:00:00,EUR,1.939026
2012-11-30 00:00:00,EUR,1.939026
2012-12-31 00:00:00,EUR,1.939026
1988-01-31 00:00:00,CAD,1.000000
1988-02-29 00:00:00,CAD,1.004304
1988-03-31 00:00:00,CAD,1.010043
1988-04-30 00:00:00,CAD,1.012912
1988-05-31 00:00:00,CAD,1.018651
1988-06-30 00:00:00,CAD,1.021521
1988-07-31 00:00:00,CAD,1.027260
1988-08-31 00:00:00,CAD,1.028694
1988-09-30 00:00:00,CAD,1.030129
1988-10-31 00:00:00,CAD,1.035868
1988-11-30 00:00:00,CAD,1.037303
1988-12-31 00:00:00,CAD,1.037303
1989-01-31 00:00:00,CAD,1.043042
1989-02-28 00:00:00,CAD,1.050215
1989-03-31 00:00:00,CAD,1.055954
1989-04-30 00:00:00,CAD,1.058824
1989-05-31 00:00:00,CAD,1.070301
1989-06-30 00:00:00,CAD,1.074605
1989-07-31 00:00:00,CAD,1.081779
1989-08-31 00:00:00,CAD,1.083214
1989-09-30 00:00:00,CAD,1.084648
1989-10-31 00:00:00,CAD,1.088953
1989-11-30 00:00:00,CAD,1.091822
1989-12-31 00:00:00,CAD,1.091822
1990-01-31 00:00:00,CAD,1.100430
1990-02-28 00:00:00,CAD,1.107604
1990-03-31 00:00:00,CAD,1.111908
1990-04-30 00:00:00,CAD,1.111908
1990-05-31 00:00:00,CAD,1.117647
1990-06-30 00:00:00,CAD,1.121951
1990-07-31 00:00:00,CAD,1.126255
1990-08-31 00:00:00,CAD,1.127690
1990-09-30 00:00:00,CAD,1.130560
1990-10-31 00:00:00,CAD,1.140603
1990-11-30 00:00:00,CAD,1.147776
1990-12-31 00:00:00,CAD,1.146341
1991-01-31 00:00:00,CAD,1.176471
1991-02-28 00:00:00,CAD,1.176471
1991-03-31 00:00:00,CAD,1.180775
1991-04-30 00:00:00,CAD,1.180775
1991-05-31 00:00:00,CAD,1.186514
1991-06-30 00:00:00,CAD,1.192253
1991-07-31 00:00:00,CAD,1.193687
1991-08-31 00:00:00,CAD,1.195122
1991-09-30 00:00:00,CAD,1.192253
1991-10-31 00:00:00,CAD,1.190818
1991-11-30 00:00:00,CAD,1.195122
1991-12-31 00:00:00,CAD,1.189383
1992-01-31 00:00:00,CAD,1.195122
1992-02-29 00:00:00,CAD,1.195122
1992-03-31 00:00:00,CAD,1.199426
1992-04-30 00:00:00,CAD,1.200861
1992-05-31 00:00:00,CAD,1.202296
1992-06-30 00:00:00,CAD,1.205165
1992-07-31 00:00:00,CAD,1.208034
1992-08-31 00:00:00,CAD,1.208034
1992-09-30 00:00:00,CAD,1.208034
1992-10-31 00:00:00,CAD,1.209469
1992-11-30 00:00:00,CAD,1.215208
1992-12-31 00:00:00,CAD,1.215208
1993-01-31 00:00:00,CAD,1.219512
1993-02-28 00:00:00,CAD,1.223816
1993-03-31 00:00:00,CAD,1.222382
1993-04-30 00:00:00,CAD,1.222382
1993-05-31 00:00:00,CAD,1.225251
1993-06-30 00:00:00,CAD,1.225251
1993-07-31 00:00:00,CAD,1.228121
1993-08-31 00:00:00,CAD,1.229555
1993-09-30 00:00:00,CAD,1.229555
1993-10-31 00:00:00,CAD,1.232425
1993-11-30 00:00:00,CAD,1.238164
1993-12-31 00:00:00,CAD,1.235294
1994-01-31 00:00:00,CAD,1.235294
1994-02-28 00:00:00,CAD,1.225251
1994-03-31 00:00:00,CAD,1.225251
1994-04-30 00:00:00,CAD,1.225251
1994-05-31 00:00:00,CAD,1.222382
1994-06-30 00:00:00,CAD,1.225251
1994-07-31 00:00:00,CAD,1.229555
1994-08-31 00:00:00,CAD,1.230990
1994-09-30 00:00:00,CAD,1.232425
1994-10-31 00:00:00,CAD,1.229555
1994-11-30 00:00:00,CAD,1.236729
1994-12-31 00:00:00,CAD,1.238164
1995-01-31 00:00:00,CAD,1.242468
1995-02-28 00:00:00,CAD,1.248207
1995-03-31 00:00:00,CAD,1.251076
1995-04-30 00:00:00,CAD,1.255380
1995-05-31 00:00:00,CAD,1.258250
1995-06-30 00:00:00,CAD,1.258250
1995-07-31 00:00:00,CAD,1.261119
1995-08-31 00:00:00,CAD,1.258250
1995-09-30 00:00:00,CAD,1.259684
1995-10-31 00:00:00,CAD,1.258250
1995-11-30 00:00:00,CAD,1.262554
1995-12-31 00:00:00,CAD,1.259684
1996-01-31 00:00:00,CAD,1.262554
1996-02-29 00:00:00,CAD,1.263989
1996-03-31 00:00:00,CAD,1.269727
1996-04-30 00:00:00,CAD,1.272597
1996-05-31 00:00:00,CAD,1.276901
1996-06-30 00:00:00,CAD,1.276901
1996-07-31 00:00:00,CAD,1.276901
1996-08-31 00:00:00,CAD,1.276901
1996-09-30 00:00:00,CAD,1.278336
1996-10-31 00:00:00,CAD,1.281205
1996-11-30 00:00:00,CAD,1.286944
1996-12-31 00:00:00,CAD,1.286944
1997-01-31 00:00:00,CAD,1.289813
1997-02-28 00:00:00,CAD,1.292683
1997-03-31 00:00:00,CAD,1.294118
1997-04-30 00:00:00,CAD,1.294118
1997-05-31 00:00:00,CAD,1.295552
1997-06-30 00:00:00,CAD,1.298422
1997-07-31 00:00:00,CAD,1.298422
1997-08-31 00:00:00,CAD,1.299857
1997-09-30 00:00:00,CAD,1.299857
1997-10-31 00:00:00,CAD,1.299857
1997-11-30 00:00:00,CAD,1.298422
1997-12-31 00:00:00,CAD,1.296987
1998-01-31 00:00:00,CAD,1.304161
1998-02-28 00:00:00,CAD,1.305595
1998-03-31 00:00:00,CAD,1.307030
1998-04-30 00:00:00,CAD,1.305595
1998-05-31 00:00:00,CAD,1.309900
1998-06-30 00:00:00,CAD,1.311334
1998-07-31 00:00:00,CAD,1.311334
1998-08-31 00:00:00,CAD,1.311334
1998-09-30 00:00:00,CAD,1.308465
1998-10-31 00:00:00,CAD,1.314204
1998-11-30 00:00:00,CAD,1.314204
1998-12-31 00:00:00,CAD,1.309900
1999-01-31 00:00:00,CAD,1.312769
1999-02-28 00:00:00,CAD,1.314204
1999-03-31 00:00:00,CAD,1.319943
1999-04-30 00:00:00,CAD,1.327116
1999-05-31 00:00:00,CAD,1.329986
1999-06-30 00:00:00,CAD,1.332855
1999-07-31 00:00:00,CAD,1.335725
1999-08-31 00:00:00,CAD,1.338594
1999-09-30 00:00:00,CAD,1.342898
1999-10-31 00:00:00,CAD,1.344333
1999-11-30 00:00:00,CAD,1.342898
1999-12-31 00:00:00,CAD,1.344333
2000-01-31 00:00:00,CAD,1.341463
2000-02-29 00:00:00,CAD,1.350072
2000-03-31 00:00:00,CAD,1.360115
2000-04-30 00:00:00,CAD,1.355811
2000-05-31 00:00:00,CAD,1.361549
2000-06-30 00:00:00,CAD,1.370158
2000-07-31 00:00:00,CAD,1.374462
2000-08-31 00:00:00,CAD,1.373027
2000-09-30 00:00:00,CAD,1.378766
2000-10-31 00:00:00,CAD,1.381636
2000-11-30 00:00:00,CAD,1.385940
2000-12-31 00:00:00,CAD,1.387374
2001-01-31 00:00:00,CAD,1.381636
2001-02-28 00:00:00,CAD,1.388809
2001-03-31 00:00:00,CAD,1.393113
2001-04-30 00:00:00,CAD,1.403156
2001-05-31 00:00:00,CAD,1.414634
2001-06-30 00:00:00,CAD,1.416069
2001-07-31 00:00:00,CAD,1.411765
2001-08-31 00:00:00,CAD,1.411765
2001-09-30 00:00:00,CAD,1.414634
2001-10-31 00:00:00,CAD,1.407461
2001-11-30 00:00:00,CAD,1.394548
2001-12-31 00:00:00,CAD,1.397418
2002-01-31 00:00:00,CAD,1.400287
2002-02-28 00:00:00,CAD,1.408895
2002-03-31 00:00:00,CAD,1.418938
2002-04-30 00:00:00,CAD,1.427547
2002-05-31 00:00:00,CAD,1.430416
2002-06-30 00:00:00,CAD,1.433286
2002-07-31 00:00:00,CAD,1.441894
2002-08-31 00:00:00,CAD,1.447633
2002-09-30 00:00:00,CAD,1.447633
2002-10-31 00:00:00,CAD,1.451937
2002-11-30 00:00:00,CAD,1.456241
2002-12-31 00:00:00,CAD,1.450502
2003-01-31 00:00:00,CAD,1.463415
2003-02-28 00:00:00,CAD,1.474892
2003-03-31 00:00:00,CAD,1.479197
2003-04-30 00:00:00,CAD,1.469154
2003-05-31 00:00:00,CAD,1.470588
2003-06-30 00:00:00,CAD,1.470588
2003-07-31 00:00:00,CAD,1.472023
2003-08-31 00:00:00,CAD,1.476327
2003-09-30 00:00:00,CAD,1.479197
2003-10-31 00:00:00,CAD,1.474892
2003-11-30 00:00:00,CAD,1.479197
2003-12-31 00:00:00,CAD,1.480631
2004-01-31 00:00:00,CAD,1.482066
2004-02-29 00:00:00,CAD,1.484935
2004-03-31 00:00:00,CAD,1.490674
2004-04-30 00:00:00,CAD,1.493544
2004-05-31 00:00:00,CAD,1.506456
2004-06-30 00:00:00,CAD,1.507891
2004-07-31 00:00:00,CAD,1.506456
2004-08-31 00:00:00,CAD,1.503587
2004-09-30 00:00:00,CAD,1.506456
2004-10-31 00:00:00,CAD,1.509326
2004-11-30 00:00:00,CAD,1.515065
2004-12-31 00:00:00,CAD,1.512195
2005-01-31 00:00:00,CAD,1.510760
2005-02-28 00:00:00,CAD,1.516499
2005-03-31 00:00:00,CAD,1.525108
2005-04-30 00:00:00,CAD,1.529412
2005-05-31 00:00:00,CAD,1.530846
2005-06-30 00:00:00,CAD,1.533716
2005-07-31 00:00:00,CAD,1.536585
2005-08-31 00:00:00,CAD,1.542324
2005-09-30 00:00:00,CAD,1.555237
2005-10-31 00:00:00,CAD,1.548063
2005-11-30 00:00:00,CAD,1.545194
2005-12-31 00:00:00,CAD,1.543759
2006-01-31 00:00:00,CAD,1.552367
2006-02-28 00:00:00,CAD,1.549498
2006-03-31 00:00:00,CAD,1.558106
2006-04-30 00:00:00,CAD,1.566714
2006-05-31 00:00:00,CAD,1.573888
2006-06-30 00:00:00,CAD,1.571019
2006-07-31 00:00:00,CAD,1.572453
2006-08-31 00:00:00,CAD,1.575323
2006-09-30 00:00:00,CAD,1.566714
2006-10-31 00:00:00,CAD,1.563845
2006-11-30 00:00:00,CAD,1.566714
2006-12-31 00:00:00,CAD,1.569584
2007-01-31 00:00:00,CAD,1.569584
2007-02-28 00:00:00,CAD,1.581062
2007-03-31 00:00:00,CAD,1.593974
2007-04-30 00:00:00,CAD,1.601148
2007-05-31 00:00:00,CAD,1.608321
2007-06-30 00:00:00,CAD,1.605452
2007-07-31 00:00:00,CAD,1.606887
2007-08-31 00:00:00,CAD,1.602582
2007-09-30 00:00:00,CAD,1.605452
2007-10-31 00:00:00,CAD,1.601148
2007-11-30 00:00:00,CAD,1.605452
2007-12-31 00:00:00,CAD,1.606887
2008-01-31 00:00:00,CAD,1.604017
2008-02-29 00:00:00,CAD,1.609756
2008-03-31 00:00:00,CAD,1.615495
2008-04-30 00:00:00,CAD,1.628407
2008-05-31 00:00:00,CAD,1.644189
2008-06-30 00:00:00,CAD,1.655667
2008-07-31 00:00:00,CAD,1.661406
2008-08-31 00:00:00,CAD,1.658537
2008-09-30 00:00:00,CAD,1.659971
2008-10-31 00:00:00,CAD,1.642755
2008-11-30 00:00:00,CAD,1.637016
2008-12-31 00:00:00,CAD,1.625538
2009-01-31 00:00:00,CAD,1.621234
2009-02-28 00:00:00,CAD,1.632712
2009-03-31 00:00:00,CAD,1.635581
2009-04-30 00:00:00,CAD,1.634146
2009-05-31 00:00:00,CAD,1.645624
2009-06-30 00:00:00,CAD,1.651363
2009-07-31 00:00:00,CAD,1.645624
2009-08-31 00:00:00,CAD,1.645624
2009-09-30 00:00:00,CAD,1.645624
2009-10-31 00:00:00,CAD,1.644189
2009-11-30 00:00:00,CAD,1.652798
2009-12-31 00:00:00,CAD,1.647059
2010-01-31 00:00:00,CAD,1.651363
2010-02-28 00:00:00,CAD,1.658537
2010-03-31 00:00:00,CAD,1.658537
2010-04-30 00:00:00,CAD,1.664275
2010-05-31 00:00:00,CAD,1.668580
2010-06-30 00:00:00,CAD,1.667145
2010-07-31 00:00:00,CAD,1.675753
2010-08-31 00:00:00,CAD,1.674319
2010-09-30 00:00:00,CAD,1.677188
2010-10-31 00:00:00,CAD,1.684362
2010-11-30 00:00:00,CAD,1.685796
2010-12-31 00:00:00,CAD,1.685796
2011-01-31 00:00:00,CAD,1.690100
2011-02-28 00:00:00,CAD,1.694405
2011-03-31 00:00:00,CAD,1.713056
2011-04-30 00:00:00,CAD,1.718795
2011-05-31 00:00:00,CAD,1.730273
2011-06-30 00:00:00,CAD,1.718795
2011-07-31 00:00:00,CAD,1.721664
2011-08-31 00:00:00,CAD,1.725968
2011-09-30 00:00:00,CAD,1.730273
2011-10-31 00:00:00,CAD,1.733142
2011-11-30 00:00:00,CAD,1.734577
2011-12-31 00:00:00,CAD,1.724534
2012-01-31 00:00:00,CAD,1.731707
2012-02-29 00:00:00,CAD,1.738881
2012-03-31 00:00:00,CAD,1.746055
2012-04-30 00:00:00,CAD,1.753228
2012-05-31 00:00:00,CAD,1.751793
2012-06-30 00:00:00,CAD,1.744620
2012-07-31 00:00:00,CAD,1.743185
2012-08-31 00:00:00,CAD,1.747489
2012-09-30 00:00:00,CAD,1.750359
2012-10-31 00:00:00,CAD,1.753228
2012-11-30 00:00:00,CAD,1.753228
2012-12-31 00:00:00,CAD,1.753228
1988-01-31 00:00:00,CHF,1.000000
1988-02-29 00:00:00,CHF,1.004881
1988-03-31 00:00:00,CHF,1.007205
1988-04-30 00:00:00,CHF,1.009122
1988-05-31 00:00:00,CHF,1.006682
1988-06-30 00:00:00,CHF,1.008251
1988-07-31 00:00:00,CHF,1.005941
1988-08-31 00:00:00,CHF,1.009457
1988-09-30 00:00:00,CHF,1.009718
1988-10-31 00:00:00,CHF,1.011330
1988-11-30 00:00:00,CHF,1.015049
1988-12-31 00:00:00,CHF,1.016879
1989-01-31 00:00:00,CHF,1.022458
1989-02-28 00:00:00,CHF,1.027600
1989-03-31 00:00:00,CHF,1.030360
1989-04-30 00:00:00,CHF,1.035778
1989-05-31 00:00:00,CHF,1.036504
1989-06-30 00:00:00,CHF,1.038277
1989-07-31 00:00:00,CHF,1.035967
1989-08-31 00:00:00,CHF,1.039410
1989-09-30 00:00:00,CHF,1.043927
1989-10-31 00:00:00,CHF,1.048053
1989-11-30 00:00:00,CHF,1.060153
1989-12-31 00:00:00,CHF,1.067954
1990-01-31 00:00:00,CHF,1.074244
1990-02-28 00:00:00,CHF,1.077715
1990-03-31 00:00:00,CHF,1.081434
1990-04-30 00:00:00,CHF,1.083657
1990-05-31 00:00:00,CHF,1.088930
1990-06-30 00:00:00,CHF,1.090440
1990-07-31 00:00:00,CHF,1.090978
1990-08-31 00:00:00,CHF,1.102642
1990-09-30 00:00:00,CHF,1.107886
1990-10-31 00:00:00,CHF,1.114626
1990-11-30 00:00:00,CHF,1.124359
1990-12-31 00:00:00,CHF,1.124301
1991-01-31 00:00:00,CHF,1.133423
1991-02-28 00:00:00,CHF,1.144681
1991-03-31 00:00:00,CHF,1.144870
1991-04-30 00:00:00,CHF,1.147616
1991-05-31 00:00:00,CHF,1.157305
1991-06-30 00:00:00,CHF,1.162055
1991-07-31 00:00:00,CHF,1.162461
1991-08-31 00:00:00,CHF,1.168504
1991-09-30 00:00:00,CHF,1.170770
1991-10-31 00:00:00,CHF,1.171802
1991-11-30 00:00:00,CHF,1.185878
1991-12-31 00:00:00,CHF,1.183060
1992-01-31 00:00:00,CHF,1.188623
1992-02-29 00:00:00,CHF,1.197106
1992-03-31 00:00:00,CHF,1.200607
1992-04-30 00:00:00,CHF,1.202525
1992-05-31 00:00:00,CHF,1.205691
1992-06-30 00:00:00,CHF,1.210485
1992-07-31 00:00:00,CHF,1.206839
1992-08-31 00:00:00,CHF,1.209991
1992-09-30 00:00:00,CHF,1.211415
1992-10-31 00:00:00,CHF,1.213172
1992-11-30 00:00:00,CHF,1.224851
1992-12-31 00:00:00,CHF,1.223530
1993-01-31 00:00:00,CHF,1.229805
1993-02-28 00:00:00,CHF,1.237707
1993-03-31 00:00:00,CHF,1.244288
1993-04-30 00:00:00,CHF,1.248079
1993-05-31 00:00:00,CHF,1.248805
1993-06-30 00:00:00,CHF,1.248486
1993-07-31 00:00:00,CHF,1.247716
1993-08-31 00:00:00,CHF,1.253860
1993-09-30 00:00:00,CHF,1.253090
1993-10-31 00:00:00,CHF,1.254035
1993-11-30 00:00:00,CHF,1.252335
1993-12-31 00:00:00,CHF,1.253904
1994-01-31 00:00:00,CHF,1.255371
1994-02-28 00:00:00,CHF,1.260470
1994-03-31 00:00:00,CHF,1.260484
1994-04-30 00:00:00,CHF,1.261153
1994-05-31 00:00:00,CHF,1.253323
1994-06-30 00:00:00,CHF,1.255284
1994-07-31 00:00:00,CHF,1.255066
1994-08-31 00:00:00,CHF,1.260005
1994-09-30 00:00:00,CHF,1.260513
1994-10-31 00:00:00,CHF,1.259467
1994-11-30 00:00:00,CHF,1.259380
1994-12-31 00:00:00,CHF,1.259177
1995-01-31 00:00:00,CHF,1.268111
1995-02-28 00:00:00,CHF,1.279412
1995-03-31 00:00:00,CHF,1.280196
1995-04-30 00:00:00,CHF,1.281286
1995-05-31 00:00:00,CHF,1.278860
1995-06-30 00:00:00,CHF,1.281402
1995-07-31 00:00:00,CHF,1.280545
1995-08-31 00:00:00,CHF,1.284598
1995-09-30 00:00:00,CHF,1.285702
1995-10-31 00:00:00,CHF,1.284307
1995-11-30 00:00:00,CHF,1.283349
1995-12-31 00:00:00,CHF,1.283697
1996-01-31 00:00:00,CHF,1.287372
1996-02-29 00:00:00,CHF,1.289435
1996-03-31 00:00:00,CHF,1.291701
1996-04-30 00:00:00,CHF,1.292965
1996-05-31 00:00:00,CHF,1.288229
1996-06-30 00:00:00,CHF,1.290742
1996-07-31 00:00:00,CHF,1.288941
1996-08-31 00:00:00,CHF,1.292282
1996-09-30 00:00:00,CHF,1.293023
1996-10-31 00:00:00,CHF,1.295086
1996-11-30 00:00:00,CHF,1.292703
1996-12-31 00:00:00,CHF,1.293735
1997-01-31 00:00:00,CHF,1.298049
1997-02-28 00:00:00,CHF,1.300330
1997-03-31 00:00:00,CHF,1.298456
1997-04-30 00:00:00,CHF,1.299705
1997-05-31 00:00:00,CHF,1.295667
1997-06-30 00:00:00,CHF,1.296960
1997-07-31 00:00:00,CHF,1.295551
1997-08-31 00:00:00,CHF,1.298412
1997-09-30 00:00:00,CHF,1.298383
1997-10-31 00:00:00,CHF,1.298485
1997-11-30 00:00:00,CHF,1.298093
1997-12-31 00:00:00,CHF,1.298732
1998-01-31 00:00:00,CHF,1.298252
1998-02-28 00:00:00,CHF,1.299850
1998-03-31 00:00:00,CHF,1.298892
1998-04-30 00:00:00,CHF,1.299415
1998-05-31 00:00:00,CHF,1.296727
1998-06-30 00:00:00,CHF,1.298282
1998-07-31 00:00:00,CHF,1.296524
1998-08-31 00:00:00,CHF,1.300228
1998-09-30 00:00:00,CHF,1.299182
1998-10-31 00:00:00,CHF,1.298921
1998-11-30 00:00:00,CHF,1.296814
1998-12-31 00:00:00,CHF,1.296538
1999-01-31 00:00:00,CHF,1.299197
1999-02-28 00:00:00,CHF,1.303598
1999-03-31 00:00:00,CHF,1.304949
1999-04-30 00:00:00,CHF,1.307128
1999-05-31 00:00:00,CHF,1.304194
1999-06-30 00:00:00,CHF,1.305734
1999-07-31 00:00:00,CHF,1.306053
1999-08-31 00:00:00,CHF,1.312517
1999-09-30 00:00:00,CHF,1.315001
1999-10-31 00:00:00,CHF,1.314987
1999-11-30 00:00:00,CHF,1.313737
1999-12-31 00:00:00,CHF,1.318168
2000-01-31 00:00:00,CHF,1.319795
2000-02-29 00:00:00,CHF,1.324763
2000-03-31 00:00:00,CHF,1.324313
2000-04-30 00:00:00,CHF,1.325460
2000-05-31 00:00:00,CHF,1.324806
2000-06-30 00:00:00,CHF,1.329745
2000-07-31 00:00:00,CHF,1.330733
2000-08-31 00:00:00,CHF,1.327290
2000-09-30 00:00:00,CHF,1.333943
2000-10-31 00:00:00,CHF,1.332505
2000-11-30 00:00:00,CHF,1.338853
2000-12-31 00:00:00,CHF,1.337851
2001-01-31 00:00:00,CHF,1.336892
2001-02-28 00:00:00,CHF,1.335091
2001-03-31 00:00:00,CHF,1.337226
2001-04-30 00:00:00,CHF,1.340931
2001-05-31 00:00:00,CHF,1.348208
2001-06-30 00:00:00,CHF,1.350765
2001-07-31 00:00:00,CHF,1.348717
2001-08-31 00:00:00,CHF,1.341236
2001-09-30 00:00:00,CHF,1.342935
2001-10-31 00:00:00,CHF,1.340901
2001-11-30 00:00:00,CHF,1.342703
2001-12-31 00:00:00,CHF,1.342209
2002-01-31 00:00:00,CHF,1.343865
2002-02-28 00:00:00,CHF,1.343821
2002-03-31 00:00:00,CHF,1.344039
2002-04-30 00:00:00,CHF,1.355646
2002-05-31 00:00:00,CHF,1.356938
2002-06-30 00:00:00,CHF,1.355166
2002-07-31 00:00:00,CHF,1.348019
2002-08-31 00:00:00,CHF,1.347569
2002-09-30 00:00:00,CHF,1.349617
2002-10-31 00:00:00,CHF,1.357490
2002-11-30 00:00:00,CHF,1.354992
2002-12-31 00:00:00,CHF,1.354164
2003-01-31 00:00:00,CHF,1.355239
2003-02-28 00:00:00,CHF,1.356575
2003-03-31 00:00:00,CHF,1.362037
2003-04-30 00:00:00,CHF,1.364754
2003-05-31 00:00:00,CHF,1.362560
2003-06-30 00:00:00,CHF,1.362589
2003-07-31 00:00:00,CHF,1.351665
2003-08-31 00:00:00,CHF,1.354803
2003-09-30 00:00:00,CHF,1.356779
2003-10-31 00:00:00,CHF,1.363650
2003-11-30 00:00:00,CHF,1.361935
2003-12-31 00:00:00,CHF,1.362197
2004-01-31 00:00:00,CHF,1.357578
2004-02-29 00:00:00,CHF,1.357810
2004-03-31 00:00:00,CHF,1.360715
2004-04-30 00:00:00,CHF,1.372191
2004-05-31 00:00:00,CHF,1.375372
2004-06-30 00:00:00,CHF,1.377740
2004-07-31 00:00:00,CHF,1.363315
2004-08-31 00:00:00,CHF,1.368371
2004-09-30 00:00:00,CHF,1.368458
2004-10-31 00:00:00,CHF,1.381284
2004-11-30 00:00:00,CHF,1.382606
2004-12-31 00:00:00,CHF,1.380340
2005-01-31 00:00:00,CHF,1.373934
2005-02-28 00:00:00,CHF,1.376956
2005-03-31 00:00:00,CHF,1.380326
2005-04-30 00:00:00,CHF,1.391627
2005-05-31 00:00:00,CHF,1.390247
2005-06-30 00:00:00,CHF,1.387124
2005-07-31 00:00:00,CHF,1.379527
2005-08-31 00:00:00,CHF,1.381517
2005-09-30 00:00:00,CHF,1.387560
2005-10-31 00:00:00,CHF,1.399704
2005-11-30 00:00:00,CHF,1.395767
2005-12-31 00:00:00,CHF,1.394242
2006-01-31 00:00:00,CHF,1.391671
2006-02-28 00:00:00,CHF,1.396014
2006-03-31 00:00:00,CHF,1.394532
2006-04-30 00:00:00,CHF,1.406371
2006-05-31 00:00:00,CHF,1.409175
2006-06-30 00:00:00,CHF,1.408783
2006-07-31 00:00:00,CHF,1.399181
2006-08-31 00:00:00,CHF,1.401578
2006-09-30 00:00:00,CHF,1.398585
2006-10-31 00:00:00,CHF,1.403321
2006-11-30 00:00:00,CHF,1.402711
2006-12-31 00:00:00,CHF,1.402899
2007-01-31 00:00:00,CHF,1.393094
2007-02-28 00:00:00,CHF,1.395854
2007-03-31 00:00:00,CHF,1.396944
2007-04-30 00:00:00,CHF,1.412748
2007-05-31 00:00:00,CHF,1.416060
2007-06-30 00:00:00,CHF,1.417673
2007-07-31 00:00:00,CHF,1.409262
2007-08-31 00:00:00,CHF,1.407693
2007-09-30 00:00:00,CHF,1.409030
2007-10-31 00:00:00,CHF,1.421057
2007-11-30 00:00:00,CHF,1.427536
2007-12-31 00:00:00,CHF,1.431008
2008-01-31 00:00:00,CHF,1.426897
2008-02-29 00:00:00,CHF,1.428858
2008-03-31 00:00:00,CHF,1.433695
2008-04-30 00:00:00,CHF,1.445011
2008-05-31 00:00:00,CHF,1.456487
2008-06-30 00:00:00,CHF,1.458956
2008-07-31 00:00:00,CHF,1.452594
2008-08-31 00:00:00,CHF,1.448817
2008-09-30 00:00:00,CHF,1.450269
2008-10-31 00:00:00,CHF,1.457983
2008-11-30 00:00:00,CHF,1.448265
2008-12-31 00:00:00,CHF,1.441045
2009-01-31 00:00:00,CHF,1.428887
2009-02-28 00:00:00,CHF,1.432257
2009-03-31 00:00:00,CHF,1.427609
2009-04-30 00:00:00,CHF,1.440188
2009-05-31 00:00:00,CHF,1.442498
2009-06-30 00:00:00,CHF,1.445084
2009-07-31 00:00:00,CHF,1.435482
2009-08-31 00:00:00,CHF,1.437080
2009-09-30 00:00:00,CHF,1.436891
2009-10-31 00:00:00,CHF,1.445824
2009-11-30 00:00:00,CHF,1.448613
2009-12-31 00:00:00,CHF,1.445113
2010-01-31 00:00:00,CHF,1.443515
2010-02-28 00:00:00,CHF,1.445607
2010-03-31 00:00:00,CHF,1.447597
2010-04-30 00:00:00,CHF,1.459958
2010-05-31 00:00:00,CHF,1.458462
2010-06-30 00:00:00,CHF,1.452114
2010-07-31 00:00:00,CHF,1.441496
2010-08-31 00:00:00,CHF,1.441292
2010-09-30 00:00:00,CHF,1.440958
2010-10-31 00:00:00,CHF,1.448628
2010-11-30 00:00:00,CHF,1.452114
2010-12-31 00:00:00,CHF,1.452623
2011-01-31 00:00:00,CHF,1.447524
2011-02-28 00:00:00,CHF,1.452623
2011-03-31 00:00:00,CHF,1.462791
2011-04-30 00:00:00,CHF,1.464244
2011-05-31 00:00:00,CHF,1.464244
2011-06-30 00:00:00,CHF,1.459886
2011-07-31 00:00:00,CHF,1.448265
2011-08-31 00:00:00,CHF,1.443907
2011-09-30 00:00:00,CHF,1.448265
2011-10-31 00:00:00,CHF,1.446812
2011-11-30 00:00:00,CHF,1.443907
2011-12-31 00:00:00,CHF,1.442454
2012-01-31 00:00:00,CHF,1.436644
2012-02-29 00:00:00,CHF,1.439549
2012-03-31 00:00:00,CHF,1.448265
2012-04-30 00:00:00,CHF,1.449717
2012-05-31 00:00:00,CHF,1.449717
2012-06-30 00:00:00,CHF,1.445360
2012-07-31 00:00:00,CHF,1.438096
2012-08-31 00:00:00,CHF,1.438096
2012-09-30 00:00:00,CHF,1.442454
2012-10-31 00:00:00,CHF,1.443907
2012-11-30 00:00:00,CHF,1.443907
2012-12-31 00:00:00,CHF,1.443907
1988-01-31 00:00:00,GBP,1.000000
1988-02-29 00:00:00,GBP,1.003231
1988-03-31 00:00:00,GBP,1.006461
1988-04-30 00:00:00,GBP,1.019386
1988-05-31 00:00:00,GBP,1.024232
1988-06-30 00:00:00,GBP,1.027463
1988-07-31 00:00:00,GBP,1.027463
1988-08-31 00:00:00,GBP,1.030694
1988-09-30 00:00:00,GBP,1.035540
1988-10-31 00:00:00,GBP,1.040388
1988-11-30 00:00:00,GBP,1.045234
1988-12-31 00:00:00,GBP,1.046849
1989-01-31 00:00:00,GBP,1.050080
1989-02-28 00:00:00,GBP,1.053311
1989-03-31 00:00:00,GBP,1.058158
1989-04-30 00:00:00,GBP,1.072697
1989-05-31 00:00:00,GBP,1.077544
1989-06-30 00:00:00,GBP,1.082390
1989-07-31 00:00:00,GBP,1.080775
1989-08-31 00:00:00,GBP,1.082390
1989-09-30 00:00:00,GBP,1.090467
1989-10-31 00:00:00,GBP,1.098546
1989-11-30 00:00:00,GBP,1.101777
1989-12-31 00:00:00,GBP,1.103392
1990-01-31 00:00:00,GBP,1.108238
1990-02-28 00:00:00,GBP,1.114701
1990-03-31 00:00:00,GBP,1.121163
1990-04-30 00:00:00,GBP,1.140549
1990-05-31 00:00:00,GBP,1.151856
1990-06-30 00:00:00,GBP,1.156704
1990-07-31 00:00:00,GBP,1.153473
1990-08-31 00:00:00,GBP,1.166396
1990-09-30 00:00:00,GBP,1.177706
1990-10-31 00:00:00,GBP,1.187398
1990-11-30 00:00:00,GBP,1.189013
1990-12-31 00:00:00,GBP,1.187398
1991-01-31 00:00:00,GBP,1.187398
1991-02-28 00:00:00,GBP,1.193861
1991-03-31 00:00:00,GBP,1.197092
1991-04-30 00:00:00,GBP,1.237479
1991-05-31 00:00:00,GBP,1.247171
1991-06-30 00:00:00,GBP,1.253635
1991-07-31 00:00:00,GBP,1.250404
1991-08-31 00:00:00,GBP,1.255250
1991-09-30 00:00:00,GBP,1.261711
1991-10-31 00:00:00,GBP,1.268173
1991-11-30 00:00:00,GBP,1.273021
1991-12-31 00:00:00,GBP,1.273021
1992-01-31 00:00:00,GBP,1.269790
1992-02-29 00:00:00,GBP,1.276251
1992-03-31 00:00:00,GBP,1.282713
1992-04-30 00:00:00,GBP,1.295638
1992-05-31 00:00:00,GBP,1.300484
1992-06-30 00:00:00,GBP,1.302099
1992-07-31 00:00:00,GBP,1.295638
1992-08-31 00:00:00,GBP,1.295638
1992-09-30 00:00:00,GBP,1.300484
1992-10-31 00:00:00,GBP,1.303714
1992-11-30 00:00:00,GBP,1.305330
1992-12-31 00:00:00,GBP,1.305330
1993-01-31 00:00:00,GBP,1.298868
1993-02-28 00:00:00,GBP,1.306945
1993-03-31 00:00:00,GBP,1.313408
1993-04-30 00:00:00,GBP,1.327948
1993-05-31 00:00:00,GBP,1.332794
1993-06-30 00:00:00,GBP,1.332794
1993-07-31 00:00:00,GBP,1.327948
1993-08-31 00:00:00,GBP,1.332794
1993-09-30 00:00:00,GBP,1.339256
1993-10-31 00:00:00,GBP,1.337640
1993-11-30 00:00:00,GBP,1.334410
1993-12-31 00:00:00,GBP,1.337640
1994-01-31 00:00:00,GBP,1.332794
1994-02-28 00:00:00,GBP,1.339256
1994-03-31 00:00:00,GBP,1.342487
1994-04-30 00:00:00,GBP,1.355411
1994-05-31 00:00:00,GBP,1.358642
1994-06-30 00:00:00,GBP,1.358642
1994-07-31 00:00:00,GBP,1.350565
1994-08-31 00:00:00,GBP,1.358642
1994-09-30 00:00:00,GBP,1.360257
1994-10-31 00:00:00,GBP,1.357027
1994-11-30 00:00:00,GBP,1.358642
1994-12-31 00:00:00,GBP,1.365103
1995-01-31 00:00:00,GBP,1.365103
1995-02-28 00:00:00,GBP,1.371567
1995-03-31 00:00:00,GBP,1.378028
1995-04-30 00:00:00,GBP,1.386106
1995-05-31 00:00:00,GBP,1.392568
1995-06-30 00:00:00,GBP,1.394183
1995-07-31 00:00:00,GBP,1.386106
1995-08-31 00:00:00,GBP,1.394183
1995-09-30 00:00:00,GBP,1.400645
1995-10-31 00:00:00,GBP,1.397414
1995-11-30 00:00:00,GBP,1.397414
1995-12-31 00:00:00,GBP,1.405493
1996-01-31 00:00:00,GBP,1.402260
1996-02-29 00:00:00,GBP,1.408723
1996-03-31 00:00:00,GBP,1.413569
1996-04-30 00:00:00,GBP,1.421646
1996-05-31 00:00:00,GBP,1.426494
1996-06-30 00:00:00,GBP,1.428109
1996-07-31 00:00:00,GBP,1.418416
1996-08-31 00:00:00,GBP,1.426494
1996-09-30 00:00:00,GBP,1.432956
1996-10-31 00:00:00,GBP,1.432956
1996-11-30 00:00:00,GBP,1.432956
1996-12-31 00:00:00,GBP,1.437802
1997-01-31 00:00:00,GBP,1.431340
1997-02-28 00:00:00,GBP,1.434571
1997-03-31 00:00:00,GBP,1.437802
1997-04-30 00:00:00,GBP,1.444265
1997-05-31 00:00:00,GBP,1.447496
1997-06-30 00:00:00,GBP,1.450726
1997-07-31 00:00:00,GBP,1.445880
1997-08-31 00:00:00,GBP,1.453957
1997-09-30 00:00:00,GBP,1.458803
1997-10-31 00:00:00,GBP,1.458803
1997-11-30 00:00:00,GBP,1.460419
1997-12-31 00:00:00,GBP,1.462034
1998-01-31 00:00:00,GBP,1.452342
1998-02-28 00:00:00,GBP,1.458803
1998-03-31 00:00:00,GBP,1.462034
1998-04-30 00:00:00,GBP,1.470112
1998-05-31 00:00:00,GBP,1.478189
1998-06-30 00:00:00,GBP,1.474958
1998-07-31 00:00:00,GBP,1.466882
1998-08-31 00:00:00,GBP,1.473343
1998-09-30 00:00:00,GBP,1.479805
1998-10-31 00:00:00,GBP,1.479805
1998-11-30 00:00:00,GBP,1.481420
1998-12-31 00:00:00,GBP,1.484652
1999-01-31 00:00:00,GBP,1.476574
1999-02-28 00:00:00,GBP,1.478189
1999-03-31 00:00:00,GBP,1.486268
1999-04-30 00:00:00,GBP,1.492729
1999-05-31 00:00:00,GBP,1.497575
1999-06-30 00:00:00,GBP,1.495960
1999-07-31 00:00:00,GBP,1.486268
1999-08-31 00:00:00,GBP,1.491114
1999-09-30 00:00:00,GBP,1.497575
1999-10-31 00:00:00,GBP,1.495960
1999-11-30 00:00:00,GBP,1.497575
1999-12-31 00:00:00,GBP,1.502423
2000-01-31 00:00:00,GBP,1.487883
2000-02-29 00:00:00,GBP,1.492729
2000-03-31 00:00:00,GBP,1.495960
2000-04-30 00:00:00,GBP,1.500806
2000-05-31 00:00:00,GBP,1.505654
2000-06-30 00:00:00,GBP,1.507269
2000-07-31 00:00:00,GBP,1.499191
2000-08-31 00:00:00,GBP,1.499191
2000-09-30 00:00:00,GBP,1.512115
2000-10-31 00:00:00,GBP,1.510500
2000-11-30 00:00:00,GBP,1.513731
2000-12-31 00:00:00,GBP,1.513731
2001-01-31 00:00:00,GBP,1.500806
2001-02-28 00:00:00,GBP,1.504038
2001-03-31 00:00:00,GBP,1.508885
2001-04-30 00:00:00,GBP,1.518577
2001-05-31 00:00:00,GBP,1.529886
2001-06-30 00:00:00,GBP,1.533117
2001-07-31 00:00:00,GBP,1.521809
2001-08-31 00:00:00,GBP,1.526655
2001-09-30 00:00:00,GBP,1.531501
2001-10-31 00:00:00,GBP,1.529886
2001-11-30 00:00:00,GBP,1.526655
2001-12-31 00:00:00,GBP,1.529886
2002-01-31 00:00:00,GBP,1.525040
2002-02-28 00:00:00,GBP,1.526655
2002-03-31 00:00:00,GBP,1.533117
2002-04-30 00:00:00,GBP,1.539578
2002-05-31 00:00:00,GBP,1.542811
2002-06-30 00:00:00,GBP,1.542811
2002-07-31 00:00:00,GBP,1.537963
2002-08-31 00:00:00,GBP,1.542811
2002-09-30 00:00:00,GBP,1.546041
2002-10-31 00:00:00,GBP,1.549272
2002-11-30 00:00:00,GBP,1.549272
2002-12-31 00:00:00,GBP,1.555734
2003-01-31 00:00:00,GBP,1.546041
2003-02-28 00:00:00,GBP,1.550887
2003-03-31 00:00:00,GBP,1.555734
2003-04-30 00:00:00,GBP,1.562197
2003-05-31 00:00:00,GBP,1.562197
2003-06-30 00:00:00,GBP,1.558964
2003-07-31 00:00:00,GBP,1.558964
2003-08-31 00:00:00,GBP,1.563812
2003-09-30 00:00:00,GBP,1.568658
2003-10-31 00:00:00,GBP,1.570274
2003-11-30 00:00:00,GBP,1.570274
2003-12-31 00:00:00,GBP,1.575120
2004-01-31 00:00:00,GBP,1.567043
2004-02-29 00:00:00,GBP,1.570274
2004-03-31 00:00:00,GBP,1.573504
2004-04-30 00:00:00,GBP,1.579967
2004-05-31 00:00:00,GBP,1.584814
2004-06-30 00:00:00,GBP,1.584814
2004-07-31 00:00:00,GBP,1.579967
2004-08-31 00:00:00,GBP,1.584814
2004-09-30 00:00:00,GBP,1.586429
2004-10-31 00:00:00,GBP,1.589660
2004-11-30 00:00:00,GBP,1.592890
2004-12-31 00:00:00,GBP,1.600969
2005-01-31 00:00:00,GBP,1.592890
2005-02-28 00:00:00,GBP,1.596121
2005-03-31 00:00:00,GBP,1.604200
2005-04-30 00:00:00,GBP,1.610661
2005-05-31 00:00:00,GBP,1.615502
2005-06-30 00:00:00,GBP,1.615502
2005-07-31 00:00:00,GBP,1.617118
2005-08-31 00:00:00,GBP,1.621964
2005-09-30 00:00:00,GBP,1.625195
2005-10-31 00:00:00,GBP,1.626810
2005-11-30 00:00:00,GBP,1.626810
2005-12-31 00:00:00,GBP,1.631656
2006-01-31 00:00:00,GBP,1.623579
2006-02-28 00:00:00,GBP,1.630041
2006-03-31 00:00:00,GBP,1.633272
2006-04-30 00:00:00,GBP,1.642964
2006-05-31 00:00:00,GBP,1.651057
2006-06-30 00:00:00,GBP,1.655903
2006-07-31 00:00:00,GBP,1.655903
2006-08-31 00:00:00,GBP,1.662364
2006-09-30 00:00:00,GBP,1.663980
2006-10-31 00:00:00,GBP,1.667211
2006-11-30 00:00:00,GBP,1.670441
2006-12-31 00:00:00,GBP,1.680133
2007-01-31 00:00:00,GBP,1.667211
2007-02-28 00:00:00,GBP,1.675287
2007-03-31 00:00:00,GBP,1.683364
2007-04-30 00:00:00,GBP,1.688210
2007-05-31 00:00:00,GBP,1.693056
2007-06-30 00:00:00,GBP,1.696287
2007-07-31 00:00:00,GBP,1.686595
2007-08-31 00:00:00,GBP,1.691441
2007-09-30 00:00:00,GBP,1.693056
2007-10-31 00:00:00,GBP,1.701133
2007-11-30 00:00:00,GBP,1.705979
2007-12-31 00:00:00,GBP,1.715672
2008-01-31 00:00:00,GBP,1.704364
2008-02-29 00:00:00,GBP,1.717287
2008-03-31 00:00:00,GBP,1.723749
2008-04-30 00:00:00,GBP,1.738287
2008-05-31 00:00:00,GBP,1.749595
2008-06-30 00:00:00,GBP,1.760902
2008-07-31 00:00:00,GBP,1.760902
2008-08-31 00:00:00,GBP,1.772210
2008-09-30 00:00:00,GBP,1.781902
2008-10-31 00:00:00,GBP,1.777056
2008-11-30 00:00:00,GBP,1.775441
2008-12-31 00:00:00,GBP,1.768979
2009-01-31 00:00:00,GBP,1.756056
2009-02-28 00:00:00,GBP,1.770594
2009-03-31 00:00:00,GBP,1.773825
2009-04-30 00:00:00,GBP,1.778671
2009-05-31 00:00:00,GBP,1.788363
2009-06-30 00:00:00,GBP,1.793210
2009-07-31 00:00:00,GBP,1.791594
2009-08-31 00:00:00,GBP,1.799671
2009-09-30 00:00:00,GBP,1.801286
2009-10-31 00:00:00,GBP,1.804517
2009-11-30 00:00:00,GBP,1.809363
2009-12-31 00:00:00,GBP,1.819056
2010-01-31 00:00:00,GBP,1.815825
2010-02-28 00:00:00,GBP,1.823902
2010-03-31 00:00:00,GBP,1.833594
2010-04-30 00:00:00,GBP,1.844918
2010-05-31 00:00:00,GBP,1.848148
2010-06-30 00:00:00,GBP,1.851379
2010-07-31 00:00:00,GBP,1.846533
2010-08-31 00:00:00,GBP,1.856225
2010-09-30 00:00:00,GBP,1.856225
2010-10-31 00:00:00,GBP,1.861071
2010-11-30 00:00:00,GBP,1.867533
2010-12-31 00:00:00,GBP,1.886917
2011-01-31 00:00:00,GBP,1.888533
2011-02-28 00:00:00,GBP,1.903071
2011-03-31 00:00:00,GBP,1.907917
2011-04-30 00:00:00,GBP,1.927302
2011-05-31 00:00:00,GBP,1.930532
2011-06-30 00:00:00,GBP,1.928917
2011-07-31 00:00:00,GBP,1.928917
2011-08-31 00:00:00,GBP,1.940225
2011-09-30 00:00:00,GBP,1.953148
2011-10-31 00:00:00,GBP,1.954763
2011-11-30 00:00:00,GBP,1.957994
2011-12-31 00:00:00,GBP,1.966071
2012-01-31 00:00:00,GBP,1.956378
2012-02-29 00:00:00,GBP,1.967686
2012-03-31 00:00:00,GBP,1.974148
2012-04-30 00:00:00,GBP,1.985455
2012-05-31 00:00:00,GBP,1.983840
2012-06-30 00:00:00,GBP,1.975763
2012-07-31 00:00:00,GBP,1.978994
2012-08-31 00:00:00,GBP,1.988686
2012-09-30 00:00:00,GBP,1.995147
2012-10-31 00:00:00,GBP,2.006455
2012-11-30 00:00:00,GBP,2.006455
2012-12-31 00:00:00,GBP,2.006455
1988-01-31 00:00:00,NOK,1.000000
1988-02-29 00:00:00,NOK,1.005348
1988-03-31 00:00:00,NOK,1.020053
1988-04-30 00:00:00,NOK,1.022727
1988-05-31 00:00:00,NOK,1.025401
1988-06-30 00:00:00,NOK,1.030749
1988-07-31 00:00:00,NOK,1.030749
1988-08-31 00:00:00,NOK,1.029412
1988-09-30 00:00:00,NOK,1.042781
1988-10-31 00:00:00,NOK,1.044118
1988-11-30 00:00:00,NOK,1.044118
1988-12-31 00:00:00,NOK,1.042781
1989-01-31 00:00:00,NOK,1.050802
1989-02-28 00:00:00,NOK,1.054813
1989-03-31 00:00:00,NOK,1.064171
1989-04-30 00:00:00,NOK,1.069519
1989-05-31 00:00:00,NOK,1.073529
1989-06-30 00:00:00,NOK,1.078877
1989-07-31 00:00:00,NOK,1.080214
1989-08-31 00:00:00,NOK,1.077540
1989-09-30 00:00:00,NOK,1.085561
1989-10-31 00:00:00,NOK,1.088235
1989-11-30 00:00:00,NOK,1.088235
1989-12-31 00:00:00,NOK,1.086898
1990-01-31 00:00:00,NOK,1.094920
1990-02-28 00:00:00,NOK,1.100267
1990-03-31 00:00:00,NOK,1.112299
1990-04-30 00:00:00,NOK,1.112299
1990-05-31 00:00:00,NOK,1.114973
1990-06-30 00:00:00,NOK,1.118984
1990-07-31 00:00:00,NOK,1.118984
1990-08-31 00:00:00,NOK,1.118984
1990-09-30 00:00:00,NOK,1.128342
1990-10-31 00:00:00,NOK,1.137701
1990-11-30 00:00:00,NOK,1.137701
1990-12-31 00:00:00,NOK,1.135027
1991-01-31 00:00:00,NOK,1.140374
1991-02-28 00:00:00,NOK,1.143048
1991-03-31 00:00:00,NOK,1.151070
1991-04-30 00:00:00,NOK,1.155080
1991-05-31 00:00:00,NOK,1.157754
1991-06-30 00:00:00,NOK,1.157754
1991-07-31 00:00:00,NOK,1.159091
1991-08-31 00:00:00,NOK,1.157754
1991-09-30 00:00:00,NOK,1.167112
1991-10-31 00:00:00,NOK,1.167112
1991-11-30 00:00:00,NOK,1.167112
1991-12-31 00:00:00,NOK,1.167112
1992-01-31 00:00:00,NOK,1.167112
1992-02-29 00:00:00,NOK,1.169786
1992-03-31 00:00:00,NOK,1.180481
1992-04-30 00:00:00,NOK,1.183155
1992-05-31 00:00:00,NOK,1.184492
1992-06-30 00:00:00,NOK,1.187166
1992-07-31 00:00:00,NOK,1.188503
1992-08-31 00:00:00,NOK,1.185829
1992-09-30 00:00:00,NOK,1.191176
1992-10-31 00:00:00,NOK,1.192513
1992-11-30 00:00:00,NOK,1.193850
1992-12-31 00:00:00,NOK,1.192513
1993-01-31 00:00:00,NOK,1.196524
1993-02-28 00:00:00,NOK,1.200535
1993-03-31 00:00:00,NOK,1.211230
1993-04-30 00:00:00,NOK,1.213904
1993-05-31 00:00:00,NOK,1.213904
1993-06-30 00:00:00,NOK,1.215241
1993-07-31 00:00:00,NOK,1.213904
1993-08-31 00:00:00,NOK,1.211230
1993-09-30 00:00:00,NOK,1.216578
1993-10-31 00:00:00,NOK,1.216578
1993-11-30 00:00:00,NOK,1.216578
1993-12-31 00:00:00,NOK,1.215241
1994-01-31 00:00:00,NOK,1.212567
1994-02-28 00:00:00,NOK,1.216578
1994-03-31 00:00:00,NOK,1.223262
1994-04-30 00:00:00,NOK,1.224599
1994-05-31 00:00:00,NOK,1.225936
1994-06-30 00:00:00,NOK,1.228610
1994-07-31 00:00:00,NOK,1.231283
1994-08-31 00:00:00,NOK,1.231283
1994-09-30 00:00:00,NOK,1.236631
1994-10-31 00:00:00,NOK,1.237968
1994-11-30 00:00:00,NOK,1.237968
1994-12-31 00:00:00,NOK,1.237968
1995-01-31 00:00:00,NOK,1.244652
1995-02-28 00:00:00,NOK,1.248663
1995-03-31 00:00:00,NOK,1.256684
1995-04-30 00:00:00,NOK,1.256684
1995-05-31 00:00:00,NOK,1.258021
1995-06-30 00:00:00,NOK,1.262032
1995-07-31 00:00:00,NOK,1.260695
1995-08-31 00:00:00,NOK,1.258021
1995-09-30 00:00:00,NOK,1.266043
1995-10-31 00:00:00,NOK,1.264706
1995-11-30 00:00:00,NOK,1.264706
1995-12-31 00:00:00,NOK,1.264706
1996-01-31 00:00:00,NOK,1.258021
1996-02-29 00:00:00,NOK,1.259358
1996-03-31 00:00:00,NOK,1.264706
1996-04-30 00:00:00,NOK,1.270053
1996-05-31 00:00:00,NOK,1.271390
1996-06-30 00:00:00,NOK,1.272727
1996-07-31 00:00:00,NOK,1.278075
1996-08-31 00:00:00,NOK,1.276738
1996-09-30 00:00:00,NOK,1.282086
1996-10-31 00:00:00,NOK,1.287433
1996-11-30 00:00:00,NOK,1.287433
1996-12-31 00:00:00,NOK,1.286096
1997-01-31 00:00:00,NOK,1.296791
1997-02-28 00:00:00,NOK,1.300802
1997-03-31 00:00:00,NOK,1.303476
1997-04-30 00:00:00,NOK,1.302139
1997-05-31 00:00:00,NOK,1.306150
1997-06-30 00:00:00,NOK,1.308824
1997-07-31 00:00:00,NOK,1.306150
1997-08-31 00:00:00,NOK,1.306150
1997-09-30 00:00:00,NOK,1.311497
1997-10-31 00:00:00,NOK,1.314171
1997-11-30 00:00:00,NOK,1.315508
1997-12-31 00:00:00,NOK,1.316845
1998-01-31 00:00:00,NOK,1.322193
1998-02-28 00:00:00,NOK,1.327540
1998-03-31 00:00:00,NOK,1.334225
1998-04-30 00:00:00,NOK,1.335561
1998-05-31 00:00:00,NOK,1.332888
1998-06-30 00:00:00,NOK,1.336898
1998-07-31 00:00:00,NOK,1.338235
1998-08-31 00:00:00,NOK,1.334225
1998-09-30 00:00:00,NOK,1.343583
1998-10-31 00:00:00,NOK,1.344920
1998-11-30 00:00:00,NOK,1.346257
1998-12-31 00:00:00,NOK,1.347594
1999-01-31 00:00:00,NOK,1.352941
1999-02-28 00:00:00,NOK,1.355615
1999-03-31 00:00:00,NOK,1.364973
1999-04-30 00:00:00,NOK,1.368984
1999-05-31 00:00:00,NOK,1.366310
1999-06-30 00:00:00,NOK,1.367647
1999-07-31 00:00:00,NOK,1.363636
1999-08-31 00:00:00,NOK,1.359626
1999-09-30 00:00:00,NOK,1.371658
1999-10-31 00:00:00,NOK,1.378342
1999-11-30 00:00:00,NOK,1.383690
1999-12-31 00:00:00,NOK,1.385027
2000-01-31 00:00:00,NOK,1.391711
2000-02-29 00:00:00,NOK,1.398396
2000-03-31 00:00:00,NOK,1.399733
2000-04-30 00:00:00,NOK,1.405080
2000-05-31 00:00:00,NOK,1.405080
2000-06-30 00:00:00,NOK,1.413102
2000-07-31 00:00:00,NOK,1.409091
2000-08-31 00:00:00,NOK,1.407754
2000-09-30 00:00:00,NOK,1.419786
2000-10-31 00:00:00,NOK,1.421123
2000-11-30 00:00:00,NOK,1.427807
2000-12-31 00:00:00,NOK,1.426471
2001-01-31 00:00:00,NOK,1.438503
2001-02-28 00:00:00,NOK,1.449198
2001-03-31 00:00:00,NOK,1.451872
2001-04-30 00:00:00,NOK,1.458556
2001-05-31 00:00:00,NOK,1.465241
2001-06-30 00:00:00,NOK,1.466578
2001-07-31 00:00:00,NOK,1.446524
2001-08-31 00:00:00,NOK,1.445187
2001-09-30 00:00:00,NOK,1.453209
2001-10-31 00:00:00,NOK,1.451872
2001-11-30 00:00:00,NOK,1.453209
2001-12-31 00:00:00,NOK,1.455882
2002-01-31 00:00:00,NOK,1.457219
2002-02-28 00:00:00,NOK,1.461230
2002-03-31 00:00:00,NOK,1.466578
2002-04-30 00:00:00,NOK,1.466578
2002-05-31 00:00:00,NOK,1.470588
2002-06-30 00:00:00,NOK,1.471925
2002-07-31 00:00:00,NOK,1.469251
2002-08-31 00:00:00,NOK,1.465241
2002-09-30 00:00:00,NOK,1.473262
2002-10-31 00:00:00,NOK,1.478610
2002-11-30 00:00:00,NOK,1.483957
2002-12-31 00:00:00,NOK,1.495989
2003-01-31 00:00:00,NOK,1.530749
2003-02-28 00:00:00,NOK,1.532086
2003-03-31 00:00:00,NOK,1.521390
2003-04-30 00:00:00,NOK,1.509358
2003-05-31 00:00:00,NOK,1.501337
2003-06-30 00:00:00,NOK,1.497326
2003-07-31 00:00:00,NOK,1.491979
2003-08-31 00:00:00,NOK,1.495989
2003-09-30 00:00:00,NOK,1.504011
2003-10-31 00:00:00,NOK,1.502674
2003-11-30 00:00:00,NOK,1.505348
2003-12-31 00:00:00,NOK,1.505348
2004-01-31 00:00:00,NOK,1.502674
2004-02-29 00:00:00,NOK,1.505348
2004-03-31 00:00:00,NOK,1.512032
2004-04-30 00:00:00,NOK,1.514706
2004-05-31 00:00:00,NOK,1.516043
2004-06-30 00:00:00,NOK,1.516043
2004-07-31 00:00:00,NOK,1.514706
2004-08-31 00:00:00,NOK,1.510695
2004-09-30 00:00:00,NOK,1.520053
2004-10-31 00:00:00,NOK,1.524064
2004-11-30 00:00:00,NOK,1.524064
2004-12-31 00:00:00,NOK,1.521390
2005-01-31 00:00:00,NOK,1.518717
2005-02-28 00:00:00,NOK,1.520053
2005-03-31 00:00:00,NOK,1.526738
2005-04-30 00:00:00,NOK,1.534759
2005-05-31 00:00:00,NOK,1.540107
2005-06-30 00:00:00,NOK,1.541444
2005-07-31 00:00:00,NOK,1.536096
2005-08-31 00:00:00,NOK,1.538770
2005-09-30 00:00:00,NOK,1.550802
2005-10-31 00:00:00,NOK,1.550802
2005-11-30 00:00:00,NOK,1.550802
2005-12-31 00:00:00,NOK,1.549465
2006-01-31 00:00:00,NOK,1.545455
2006-02-28 00:00:00,NOK,1.558824
2006-03-31 00:00:00,NOK,1.562834
2006-04-30 00:00:00,NOK,1.576203
2006-05-31 00:00:00,NOK,1.576203
2006-06-30 00:00:00,NOK,1.573529
2006-07-31 00:00:00,NOK,1.569519
2006-08-31 00:00:00,NOK,1.568182
2006-09-30 00:00:00,NOK,1.590909
2006-10-31 00:00:00,NOK,1.592246
2006-11-30 00:00:00,NOK,1.590909
2006-12-31 00:00:00,NOK,1.584225
2007-01-31 00:00:00,NOK,1.564171
2007-02-28 00:00:00,NOK,1.570856
2007-03-31 00:00:00,NOK,1.580214
2007-04-30 00:00:00,NOK,1.580214
2007-05-31 00:00:00,NOK,1.581551
2007-06-30 00:00:00,NOK,1.580214
2007-07-31 00:00:00,NOK,1.576203
2007-08-31 00:00:00,NOK,1.574866
2007-09-30 00:00:00,NOK,1.585561
2007-10-31 00:00:00,NOK,1.589572
2007-11-30 00:00:00,NOK,1.614973
2007-12-31 00:00:00,NOK,1.628342
2008-01-31 00:00:00,NOK,1.621658
2008-02-29 00:00:00,NOK,1.629679
2008-03-31 00:00:00,NOK,1.631016
2008-04-30 00:00:00,NOK,1.629679
2008-05-31 00:00:00,NOK,1.631016
2008-06-30 00:00:00,NOK,1.633690
2008-07-31 00:00:00,NOK,1.644385
2008-08-31 00:00:00,NOK,1.645722
2008-09-30 00:00:00,NOK,1.669786
2008-10-31 00:00:00,NOK,1.676471
2008-11-30 00:00:00,NOK,1.667112
2008-12-31 00:00:00,NOK,1.663102
2009-01-31 00:00:00,NOK,1.657754
2009-02-28 00:00:00,NOK,1.671123
2009-03-31 00:00:00,NOK,1.672460
2009-04-30 00:00:00,NOK,1.676471
2009-05-31 00:00:00,NOK,1.680481
2009-06-30 00:00:00,NOK,1.689840
2009-07-31 00:00:00,NOK,1.680481
2009-08-31 00:00:00,NOK,1.676471
2009-09-30 00:00:00,NOK,1.689840
2009-10-31 00:00:00,NOK,1.687166
2009-11-30 00:00:00,NOK,1.692513
2009-12-31 00:00:00,NOK,1.696524
2010-01-31 00:00:00,NOK,1.699198
2010-02-28 00:00:00,NOK,1.720588
2010-03-31 00:00:00,NOK,1.728610
2010-04-30 00:00:00,NOK,1.732620
2010-05-31 00:00:00,NOK,1.723262
2010-06-30 00:00:00,NOK,1.721925
2010-07-31 00:00:00,NOK,1.712567
2010-08-31 00:00:00,NOK,1.708556
2010-09-30 00:00:00,NOK,1.719251
2010-10-31 00:00:00,NOK,1.720588
2010-11-30 00:00:00,NOK,1.724599
2010-12-31 00:00:00,NOK,1.743316
2011-01-31 00:00:00,NOK,1.733957
2011-02-28 00:00:00,NOK,1.740642
2011-03-31 00:00:00,NOK,1.745989
2011-04-30 00:00:00,NOK,1.755348
2011-05-31 00:00:00,NOK,1.751337
2011-06-30 00:00:00,NOK,1.744652
2011-07-31 00:00:00,NOK,1.740642
2011-08-31 00:00:00,NOK,1.729947
2011-09-30 00:00:00,NOK,1.745989
2011-10-31 00:00:00,NOK,1.744652
2011-11-30 00:00:00,NOK,1.744652
2011-12-31 00:00:00,NOK,1.745989
2012-01-31 00:00:00,NOK,1.743316
2012-02-29 00:00:00,NOK,1.760695
2012-03-31 00:00:00,NOK,1.759358
2012-04-30 00:00:00,NOK,1.760695
2012-05-31 00:00:00,NOK,1.760695
2012-06-30 00:00:00,NOK,1.752674
2012-07-31 00:00:00,NOK,1.744652
2012-08-31 00:00:00,NOK,1.737968
2012-09-30 00:00:00,NOK,1.754011
2012-10-31 00:00:00,NOK,1.763369
2012-11-30 00:00:00,NOK,1.763369
2012-12-31 00:00:00,NOK,1.763369
1988-01-31 00:00:00,NZD,1.000000
1988-02-29 00:00:00,NZD,1.000000
1988-03-31 00:00:00,NZD,1.017713
1988-04-30 00:00:00,NZD,1.017713
1988-05-31 00:00:00,NZD,1.017713
1988-06-30 00:00:00,NZD,1.025765
1988-07-31 00:00:00,NZD,1.025765
1988-08-31 00:00:00,NZD,1.025765
1988-09-30 00:00:00,NZD,1.035427
1988-10-31 00:00:00,NZD,1.035427
1988-11-30 00:00:00,NZD,1.035427
1988-12-31 00:00:00,NZD,1.046699
1989-01-31 00:00:00,NZD,1.046699
1989-02-28 00:00:00,NZD,1.046699
1989-03-31 00:00:00,NZD,1.059581
1989-04-30 00:00:00,NZD,1.059581
1989-05-31 00:00:00,NZD,1.059581
1989-06-30 00:00:00,NZD,1.070853
1989-07-31 00:00:00,NZD,1.070853
1989-08-31 00:00:00,NZD,1.070853
1989-09-30 00:00:00,NZD,1.109501
1989-10-31 00:00:00,NZD,1.109501
1989-11-30 00:00:00,NZD,1.109501
1989-12-31 00:00:00,NZD,1.122383
1990-01-31 00:00:00,NZD,1.122383
1990-02-28 00:00:00,NZD,1.122383
1990-03-31 00:00:00,NZD,1.133655
1990-04-30 00:00:00,NZD,1.133655
1990-05-31 00:00:00,NZD,1.133655
1990-06-30 00:00:00,NZD,1.152979
1990-07-31 00:00:00,NZD,1.152979
1990-08-31 00:00:00,NZD,1.152979
1990-09-30 00:00:00,NZD,1.164251
1990-10-31 00:00:00,NZD,1.164251
1990-11-30 00:00:00,NZD,1.164251
1990-12-31 00:00:00,NZD,1.177134
1991-01-31 00:00:00,NZD,1.177134
1991-02-28 00:00:00,NZD,1.177134
1991-03-31 00:00:00,NZD,1.185185
1991-04-30 00:00:00,NZD,1.185185
1991-05-31 00:00:00,NZD,1.185185
1991-06-30 00:00:00,NZD,1.185185
1991-07-31 00:00:00,NZD,1.185185
1991-08-31 00:00:00,NZD,1.185185
1991-09-30 00:00:00,NZD,1.190016
1991-10-31 00:00:00,NZD,1.190016
1991-11-30 00:00:00,NZD,1.190016
1991-12-31 00:00:00,NZD,1.188406
1992-01-31 00:00:00,NZD,1.188406
1992-02-29 00:00:00,NZD,1.188406
1992-03-31 00:00:00,NZD,1.193237
1992-04-30 00:00:00,NZD,1.193237
1992-05-31 00:00:00,NZD,1.193237
1992-06-30 00:00:00,NZD,1.196457
1992-07-31 00:00:00,NZD,1.196457
1992-08-31 00:00:00,NZD,1.196457
1992-09-30 00:00:00,NZD,1.201288
1992-10-31 00:00:00,NZD,1.201288
1992-11-30 00:00:00,NZD,1.201288
1992-12-31 00:00:00,NZD,1.204509
1993-01-31 00:00:00,NZD,1.204509
1993-02-28 00:00:00,NZD,1.204509
1993-03-31 00:00:00,NZD,1.206119
1993-04-30 00:00:00,NZD,1.206119
1993-05-31 00:00:00,NZD,1.206119
1993-06-30 00:00:00,NZD,1.212560
1993-07-31 00:00:00,NZD,1.212560
1993-08-31 00:00:00,NZD,1.212560
1993-09-30 00:00:00,NZD,1.219002
1993-10-31 00:00:00,NZD,1.219002
1993-11-30 00:00:00,NZD,1.219002
1993-12-31 00:00:00,NZD,1.220612
1994-01-31 00:00:00,NZD,1.220612
1994-02-28 00:00:00,NZD,1.220612
1994-03-31 00:00:00,NZD,1.220612
1994-04-30 00:00:00,NZD,1.220612
1994-05-31 00:00:00,NZD,1.220612
1994-06-30 00:00:00,NZD,1.225443
1994-07-31 00:00:00,NZD,1.225443
1994-08-31 00:00:00,NZD,1.225443
1994-09-30 00:00:00,NZD,1.241546
1994-10-31 00:00:00,NZD,1.241546
1994-11-30 00:00:00,NZD,1.241546
1994-12-31 00:00:00,NZD,1.256039
1995-01-31 00:00:00,NZD,1.256039
1995-02-28 00:00:00,NZD,1.256039
1995-03-31 00:00:00,NZD,1.270531
1995-04-30 00:00:00,NZD,1.270531
1995-05-31 00:00:00,NZD,1.270531
1995-06-30 00:00:00,NZD,1.281804
1995-07-31 00:00:00,NZD,1.281804
1995-08-31 00:00:00,NZD,1.281804
1995-09-30 00:00:00,NZD,1.285024
1995-10-31 00:00:00,NZD,1.285024
1995-11-30 00:00:00,NZD,1.285024
1995-12-31 00:00:00,NZD,1.291465
1996-01-31 00:00:00,NZD,1.291465
1996-02-29 00:00:00,NZD,1.291465
1996-03-31 00:00:00,NZD,1.297907
1996-04-30 00:00:00,NZD,1.297907
1996-05-31 00:00:00,NZD,1.297907
1996-06-30 00:00:00,NZD,1.307568
1996-07-31 00:00:00,NZD,1.307568
1996-08-31 00:00:00,NZD,1.307568
1996-09-30 00:00:00,NZD,1.315620
1996-10-31 00:00:00,NZD,1.315620
1996-11-30 00:00:00,NZD,1.315620
1996-12-31 00:00:00,NZD,1.325282
1997-01-31 00:00:00,NZD,1.325282
1997-02-28 00:00:00,NZD,1.325282
1997-03-31 00:00:00,NZD,1.322061
1997-04-30 00:00:00,NZD,1.322061
1997-05-31 00:00:00,NZD,1.322061
1997-06-30 00:00:00,NZD,1.322061
1997-07-31 00:00:00,NZD,1.322061
1997-08-31 00:00:00,NZD,1.322061
1997-09-30 00:00:00,NZD,1.328502
1997-10-31 00:00:00,NZD,1.328502
1997-11-30 00:00:00,NZD,1.328502
1997-12-31 00:00:00,NZD,1.336554
1998-01-31 00:00:00,NZD,1.336554
1998-02-28 00:00:00,NZD,1.336554
1998-03-31 00:00:00,NZD,1.338164
1998-04-30 00:00:00,NZD,1.338164
1998-05-31 00:00:00,NZD,1.338164
1998-06-30 00:00:00,NZD,1.344605
1998-07-31 00:00:00,NZD,1.344605
1998-08-31 00:00:00,NZD,1.344605
1998-09-30 00:00:00,NZD,1.352657
1998-10-31 00:00:00,NZD,1.352657
1998-11-30 00:00:00,NZD,1.352657
1998-12-31 00:00:00,NZD,1.341385
1999-01-31 00:00:00,NZD,1.341385
1999-02-28 00:00:00,NZD,1.341385
1999-03-31 00:00:00,NZD,1.336554
1999-04-30 00:00:00,NZD,1.336554
1999-05-31 00:00:00,NZD,1.336554
1999-06-30 00:00:00,NZD,1.339775
1999-07-31 00:00:00,NZD,1.339775
1999-08-31 00:00:00,NZD,1.339775
1999-09-30 00:00:00,NZD,1.344605
1999-10-31 00:00:00,NZD,1.344605
1999-11-30 00:00:00,NZD,1.344605
1999-12-31 00:00:00,NZD,1.347826
2000-01-31 00:00:00,NZD,1.347826
2000-02-29 00:00:00,NZD,1.347826
2000-03-31 00:00:00,NZD,1.357488
2000-04-30 00:00:00,NZD,1.357488
2000-05-31 00:00:00,NZD,1.357488
2000-06-30 00:00:00,NZD,1.367150
2000-07-31 00:00:00,NZD,1.367150
2000-08-31 00:00:00,NZD,1.367150
2000-09-30 00:00:00,NZD,1.384863
2000-10-31 00:00:00,NZD,1.384863
2000-11-30 00:00:00,NZD,1.384863
2000-12-31 00:00:00,NZD,1.400966
2001-01-31 00:00:00,NZD,1.400966
2001-02-28 00:00:00,NZD,1.400966
2001-03-31 00:00:00,NZD,1.399356
2001-04-30 00:00:00,NZD,1.399356
2001-05-31 00:00:00,NZD,1.399356
2001-06-30 00:00:00,NZD,1.410628
2001-07-31 00:00:00,NZD,1.410628
2001-08-31 00:00:00,NZD,1.410628
2001-09-30 00:00:00,NZD,1.418680
2001-10-31 00:00:00,NZD,1.418680
2001-11-30 00:00:00,NZD,1.418680
2001-12-31 00:00:00,NZD,1.426731
2002-01-31 00:00:00,NZD,1.426731
2002-02-28 00:00:00,NZD,1.426731
2002-03-31 00:00:00,NZD,1.434783
2002-04-30 00:00:00,NZD,1.434783
2002-05-31 00:00:00,NZD,1.434783
2002-06-30 00:00:00,NZD,1.449275
2002-07-31 00:00:00,NZD,1.449275
2002-08-31 00:00:00,NZD,1.449275
2002-09-30 00:00:00,NZD,1.455717
2002-10-31 00:00:00,NZD,1.455717
2002-11-30 00:00:00,NZD,1.455717
2002-12-31 00:00:00,NZD,1.465378
2003-01-31 00:00:00,NZD,1.465378
2003-02-28 00:00:00,NZD,1.465378
2003-03-31 00:00:00,NZD,1.470209
2003-04-30 00:00:00,NZD,1.470209
2003-05-31 00:00:00,NZD,1.470209
2003-06-30 00:00:00,NZD,1.470209
2003-07-31 00:00:00,NZD,1.470209
2003-08-31 00:00:00,NZD,1.470209
2003-09-30 00:00:00,NZD,1.478261
2003-10-31 00:00:00,NZD,1.478261
2003-11-30 00:00:00,NZD,1.478261
2003-12-31 00:00:00,NZD,1.487923
2004-01-31 00:00:00,NZD,1.487923
2004-02-29 00:00:00,NZD,1.487923
2004-03-31 00:00:00,NZD,1.494364
2004-04-30 00:00:00,NZD,1.494364
2004-05-31 00:00:00,NZD,1.494364
2004-06-30 00:00:00,NZD,1.505636
2004-07-31 00:00:00,NZD,1.505636
2004-08-31 00:00:00,NZD,1.505636
2004-09-30 00:00:00,NZD,1.515298
2004-10-31 00:00:00,NZD,1.515298
2004-11-30 00:00:00,NZD,1.515298
2004-12-31 00:00:00,NZD,1.528180
2005-01-31 00:00:00,NZD,1.528180
2005-02-28 00:00:00,NZD,1.528180
2005-03-31 00:00:00,NZD,1.534622
2005-04-30 00:00:00,NZD,1.534622
2005-05-31 00:00:00,NZD,1.534622
2005-06-30 00:00:00,NZD,1.549114
2005-07-31 00:00:00,NZD,1.549114
2005-08-31 00:00:00,NZD,1.549114
2005-09-30 00:00:00,NZD,1.566828
2005-10-31 00:00:00,NZD,1.566828
2005-11-30 00:00:00,NZD,1.566828
2005-12-31 00:00:00,NZD,1.576490
2006-01-31 00:00:00,NZD,1.576490
2006-02-28 00:00:00,NZD,1.576490
2006-03-31 00:00:00,NZD,1.586151
2006-04-30 00:00:00,NZD,1.586151
2006-05-31 00:00:00,NZD,1.586151
2006-06-30 00:00:00,NZD,1.610306
2006-07-31 00:00:00,NZD,1.610306
2006-08-31 00:00:00,NZD,1.610306
2006-09-30 00:00:00,NZD,1.621578
2006-10-31 00:00:00,NZD,1.621578
2006-11-30 00:00:00,NZD,1.621578
2006-12-31 00:00:00,NZD,1.618357
2007-01-31 00:00:00,NZD,1.618357
2007-02-28 00:00:00,NZD,1.618357
2007-03-31 00:00:00,NZD,1.626409
2007-04-30 00:00:00,NZD,1.626409
2007-05-31 00:00:00,NZD,1.626409
2007-06-30 00:00:00,NZD,1.642512
2007-07-31 00:00:00,NZD,1.642512
2007-08-31 00:00:00,NZD,1.642512
2007-09-30 00:00:00,NZD,1.650564
2007-10-31 00:00:00,NZD,1.650564
2007-11-30 00:00:00,NZD,1.650564
2007-12-31 00:00:00,NZD,1.669887
2008-01-31 00:00:00,NZD,1.669887
2008-02-29 00:00:00,NZD,1.669887
2008-03-31 00:00:00,NZD,1.681159
2008-04-30 00:00:00,NZD,1.681159
2008-05-31 00:00:00,NZD,1.681159
2008-06-30 00:00:00,NZD,1.708535
2008-07-31 00:00:00,NZD,1.708535
2008-08-31 00:00:00,NZD,1.708535
2008-09-30 00:00:00,NZD,1.734300
2008-10-31 00:00:00,NZD,1.734300
2008-11-30 00:00:00,NZD,1.734300
2008-12-31 00:00:00,NZD,1.726248
2009-01-31 00:00:00,NZD,1.726248
2009-02-28 00:00:00,NZD,1.726248
2009-03-31 00:00:00,NZD,1.731079
2009-04-30 00:00:00,NZD,1.731079
2009-05-31 00:00:00,NZD,1.731079
2009-06-30 00:00:00,NZD,1.740741
2009-07-31 00:00:00,NZD,1.740741
2009-08-31 00:00:00,NZD,1.740741
2009-09-30 00:00:00,NZD,1.763285
2009-10-31 00:00:00,NZD,1.763285
2009-11-30 00:00:00,NZD,1.763285
2009-12-31 00:00:00,NZD,1.760064
2010-01-31 00:00:00,NZD,1.760064
2010-02-28 00:00:00,NZD,1.760064
2010-03-31 00:00:00,NZD,1.766506
2010-04-30 00:00:00,NZD,1.766506
2010-05-31 00:00:00,NZD,1.766506
2010-06-30 00:00:00,NZD,1.769726
2010-07-31 00:00:00,NZD,1.769726
2010-08-31 00:00:00,NZD,1.769726
2010-09-30 00:00:00,NZD,1.789050
2010-10-31 00:00:00,NZD,1.789050
2010-11-30 00:00:00,NZD,1.789050
2010-12-31 00:00:00,NZD,1.830918
2011-01-31 00:00:00,NZD,1.830918
2011-02-28 00:00:00,NZD,1.830918
2011-03-31 00:00:00,NZD,1.845411
2011-04-30 00:00:00,NZD,1.845411
2011-05-31 00:00:00,NZD,1.845411
2011-06-30 00:00:00,NZD,1.863124
2011-07-31 00:00:00,NZD,1.863124
2011-08-31 00:00:00,NZD,1.863124
2011-09-30 00:00:00,NZD,1.871176
2011-10-31 00:00:00,NZD,1.871176
2011-11-30 00:00:00,NZD,1.871176
2011-12-31 00:00:00,NZD,1.864734
2012-01-31 00:00:00,NZD,1.864734
2012-02-29 00:00:00,NZD,1.864734
2012-03-31 00:00:00,NZD,1.874396
2012-04-30 00:00:00,NZD,1.874396
2012-05-31 00:00:00,NZD,1.874396
2012-06-30 00:00:00,NZD,1.880837
2012-07-31 00:00:00,NZD,1.880837
2012-08-31 00:00:00,NZD,1.880837
2012-09-30 00:00:00,NZD,1.885668
2012-10-31 00:00:00,NZD,1.885668
2012-11-30 00:00:00,NZD,1.885668
2012-12-31 00:00:00,NZD,1.885668
1988-01-31 00:00:00,SEK,1.000000
1988-02-29 00:00:00,SEK,1.007576
1988-03-31 00:00:00,SEK,1.012238
1988-04-30 00:00:00,SEK,1.020979
1988-05-31 00:00:00,SEK,1.024476
1988-06-30 00:00:00,SEK,1.027389
1988-07-31 00:00:00,SEK,1.032051
1988-08-31 00:00:00,SEK,1.034382
1988-09-30 00:00:00,SEK,1.041958
1988-10-31 00:00:00,SEK,1.050117
1988-11-30 00:00:00,SEK,1.051865
1988-12-31 00:00:00,SEK,1.054196
1989-01-31 00:00:00,SEK,1.066434
1989-02-28 00:00:00,SEK,1.072261
1989-03-31 00:00:00,SEK,1.076340
1989-04-30 00:00:00,SEK,1.086830
1989-05-31 00:00:00,SEK,1.091492
1989-06-30 00:00:00,SEK,1.094988
1989-07-31 00:00:00,SEK,1.094988
1989-08-31 00:00:00,SEK,1.099650
1989-09-30 00:00:00,SEK,1.108392
1989-10-31 00:00:00,SEK,1.117716
1989-11-30 00:00:00,SEK,1.120047
1989-12-31 00:00:00,SEK,1.123543
1990-01-31 00:00:00,SEK,1.159674
1990-02-28 00:00:00,SEK,1.164918
1990-03-31 00:00:00,SEK,1.196970
1990-04-30 00:00:00,SEK,1.195804
1990-05-31 00:00:00,SEK,1.202797
1990-06-30 00:00:00,SEK,1.201632
1990-07-31 00:00:00,SEK,1.213287
1990-08-31 00:00:00,SEK,1.221445
1990-09-30 00:00:00,SEK,1.235431
1990-10-31 00:00:00,SEK,1.243590
1990-11-30 00:00:00,SEK,1.247669
1990-12-31 00:00:00,SEK,1.246503
1991-01-31 00:00:00,SEK,1.275641
1991-02-28 00:00:00,SEK,1.311189
1991-03-31 00:00:00,SEK,1.315851
1991-04-30 00:00:00,SEK,1.323427
1991-05-31 00:00:00,SEK,1.324592
1991-06-30 00:00:00,SEK,1.322844
1991-07-31 00:00:00,SEK,1.323427
1991-08-31 00:00:00,SEK,1.321096
1991-09-30 00:00:00,SEK,1.335664
1991-10-31 00:00:00,SEK,1.340909
1991-11-30 00:00:00,SEK,1.346737
1991-12-31 00:00:00,SEK,1.344988
1992-01-31 00:00:00,SEK,1.341492
1992-02-29 00:00:00,SEK,1.342075
1992-03-31 00:00:00,SEK,1.347902
1992-04-30 00:00:00,SEK,1.351399
1992-05-31 00:00:00,SEK,1.351981
1992-06-30 00:00:00,SEK,1.349068
1992-07-31 00:00:00,SEK,1.347319
1992-08-31 00:00:00,SEK,1.347902
1992-09-30 00:00:00,SEK,1.367133
1992-10-31 00:00:00,SEK,1.370047
1992-11-30 00:00:00,SEK,1.363636
1992-12-31 00:00:00,SEK,1.368881
1993-01-31 00:00:00,SEK,1.404429
1993-02-28 00:00:00,SEK,1.407925
1993-03-31 00:00:00,SEK,1.414336
1993-04-30 00:00:00,SEK,1.420163
1993-05-31 00:00:00,SEK,1.416667
1993-06-30 00:00:00,SEK,1.412005
1993-07-31 00:00:00,SEK,1.409674
1993-08-31 00:00:00,SEK,1.412005
1993-09-30 00:00:00,SEK,1.424825
1993-10-31 00:00:00,SEK,1.428904
1993-11-30 00:00:00,SEK,1.429487
1993-12-31 00:00:00,SEK,1.423660
1994-01-31 00:00:00,SEK,1.428322
1994-02-28 00:00:00,SEK,1.432984
1994-03-31 00:00:00,SEK,1.438228
1994-04-30 00:00:00,SEK,1.444056
1994-05-31 00:00:00,SEK,1.446970
1994-06-30 00:00:00,SEK,1.447552
1994-07-31 00:00:00,SEK,1.447552
1994-08-31 00:00:00,SEK,1.448135
1994-09-30 00:00:00,SEK,1.460956
1994-10-31 00:00:00,SEK,1.462704
1994-11-30 00:00:00,SEK,1.461538
1994-12-31 00:00:00,SEK,1.459207
1995-01-31 00:00:00,SEK,1.464452
1995-02-28 00:00:00,SEK,1.470280
1995-03-31 00:00:00,SEK,1.476107
1995-04-30 00:00:00,SEK,1.486014
1995-05-31 00:00:00,SEK,1.487762
1995-06-30 00:00:00,SEK,1.486597
1995-07-31 00:00:00,SEK,1.484848
1995-08-31 00:00:00,SEK,1.483100
1995-09-30 00:00:00,SEK,1.493007
1995-10-31 00:00:00,SEK,1.497086
1995-11-30 00:00:00,SEK,1.496503
1995-12-31 00:00:00,SEK,1.491841
1996-01-31 00:00:00,SEK,1.489510
1996-02-29 00:00:00,SEK,1.490676
1996-03-31 00:00:00,SEK,1.497669
1996-04-30 00:00:00,SEK,1.501166
1996-05-31 00:00:00,SEK,1.499417
1996-06-30 00:00:00,SEK,1.493590
1996-07-31 00:00:00,SEK,1.490093
1996-08-31 00:00:00,SEK,1.483100
1996-09-30 00:00:00,SEK,1.491841
1996-10-31 00:00:00,SEK,1.491259
1996-11-30 00:00:00,SEK,1.487762
1996-12-31 00:00:00,SEK,1.485431
1997-01-31 00:00:00,SEK,1.483683
1997-02-28 00:00:00,SEK,1.481352
1997-03-31 00:00:00,SEK,1.487179
1997-04-30 00:00:00,SEK,1.497669
1997-05-31 00:00:00,SEK,1.497669
1997-06-30 00:00:00,SEK,1.500000
1997-07-31 00:00:00,SEK,1.499417
1997-08-31 00:00:00,SEK,1.500000
1997-09-30 00:00:00,SEK,1.513986
1997-10-31 00:00:00,SEK,1.512821
1997-11-30 00:00:00,SEK,1.510490
1997-12-31 00:00:00,SEK,1.509907
1998-01-31 00:00:00,SEK,1.497086
1998-02-28 00:00:00,SEK,1.495338
1998-03-31 00:00:00,SEK,1.497669
1998-04-30 00:00:00,SEK,1.501748
1998-05-31 00:00:00,SEK,1.504079
1998-06-30 00:00:00,SEK,1.501166
1998-07-31 00:00:00,SEK,1.497669
1998-08-31 00:00:00,SEK,1.490093
1998-09-30 00:00:00,SEK,1.496503
1998-10-31 00:00:00,SEK,1.499417
1998-11-30 00:00:00,SEK,1.495921
1998-12-31 00:00:00,SEK,1.493007
1999-01-31 00:00:00,SEK,1.493007
1999-02-28 00:00:00,SEK,1.493590
1999-03-31 00:00:00,SEK,1.499417
1999-04-30 00:00:00,SEK,1.502914
1999-05-31 00:00:00,SEK,1.505245
1999-06-30 00:00:00,SEK,1.507576
1999-07-31 00:00:00,SEK,1.501166
1999-08-31 00:00:00,SEK,1.501166
1999-09-30 00:00:00,SEK,1.511655
1999-10-31 00:00:00,SEK,1.513403
1999-11-30 00:00:00,SEK,1.509324
1999-12-31 00:00:00,SEK,1.512821
2000-01-31 00:00:00,SEK,1.500583
2000-02-29 00:00:00,SEK,1.507576
2000-03-31 00:00:00,SEK,1.514569
2000-04-30 00:00:00,SEK,1.515152
2000-05-31 00:00:00,SEK,1.522727
2000-06-30 00:00:00,SEK,1.522145
2000-07-31 00:00:00,SEK,1.515152
2000-08-31 00:00:00,SEK,1.516317
2000-09-30 00:00:00,SEK,1.526807
2000-10-31 00:00:00,SEK,1.530303
2000-11-30 00:00:00,SEK,1.530886
2000-12-31 00:00:00,SEK,1.529720
2001-01-31 00:00:00,SEK,1.525058
2001-02-28 00:00:00,SEK,1.530303
2001-03-31 00:00:00,SEK,1.541958
2001-04-30 00:00:00,SEK,1.555361
2001-05-31 00:00:00,SEK,1.565851
2001-06-30 00:00:00,SEK,1.563520
2001-07-31 00:00:00,SEK,1.555361
2001-08-31 00:00:00,SEK,1.559441
2001-09-30 00:00:00,SEK,1.572844
2001-10-31 00:00:00,SEK,1.568182
2001-11-30 00:00:00,SEK,1.568765
2001-12-31 00:00:00,SEK,1.570513
2002-01-31 00:00:00,SEK,1.566434
2002-02-28 00:00:00,SEK,1.569930
2002-03-31 00:00:00,SEK,1.583916
2002-04-30 00:00:00,SEK,1.590326
2002-05-31 00:00:00,SEK,1.594406
2002-06-30 00:00:00,SEK,1.592075
2002-07-31 00:00:00,SEK,1.586830
2002-08-31 00:00:00,SEK,1.587413
2002-09-30 00:00:00,SEK,1.599650
2002-10-31 00:00:00,SEK,1.604895
2002-11-30 00:00:00,SEK,1.600816
2002-12-31 00:00:00,SEK,1.603147
2003-01-31 00:00:00,SEK,1.608392
2003-02-28 00:00:00,SEK,1.622378
2003-03-31 00:00:00,SEK,1.630536
2003-04-30 00:00:00,SEK,1.624709
2003-05-31 00:00:00,SEK,1.622960
2003-06-30 00:00:00,SEK,1.618298
2003-07-31 00:00:00,SEK,1.613054
2003-08-31 00:00:00,SEK,1.612471
2003-09-30 00:00:00,SEK,1.624126
2003-10-31 00:00:00,SEK,1.625291
2003-11-30 00:00:00,SEK,1.621795
2003-12-31 00:00:00,SEK,1.623543
2004-01-31 00:00:00,SEK,1.620047
2004-02-29 00:00:00,SEK,1.615967
2004-03-31 00:00:00,SEK,1.628205
2004-04-30 00:00:00,SEK,1.628205
2004-05-31 00:00:00,SEK,1.632284
2004-06-30 00:00:00,SEK,1.625291
2004-07-31 00:00:00,SEK,1.622960
2004-08-31 00:00:00,SEK,1.621212
2004-09-30 00:00:00,SEK,1.632867
2004-10-31 00:00:00,SEK,1.637529
2004-11-30 00:00:00,SEK,1.628205
2004-12-31 00:00:00,SEK,1.628205
2005-01-31 00:00:00,SEK,1.619464
2005-02-28 00:00:00,SEK,1.627040
2005-03-31 00:00:00,SEK,1.630536
2005-04-30 00:00:00,SEK,1.632867
2005-05-31 00:00:00,SEK,1.633450
2005-06-30 00:00:00,SEK,1.634033
2005-07-31 00:00:00,SEK,1.628205
2005-08-31 00:00:00,SEK,1.631119
2005-09-30 00:00:00,SEK,1.642774
2005-10-31 00:00:00,SEK,1.645688
2005-11-30 00:00:00,SEK,1.641608
2005-12-31 00:00:00,SEK,1.642191
2006-01-31 00:00:00,SEK,1.629312
2006-02-28 00:00:00,SEK,1.636946
2006-03-31 00:00:00,SEK,1.648543
2006-04-30 00:00:00,SEK,1.656876
2006-05-31 00:00:00,SEK,1.659441
2006-06-30 00:00:00,SEK,1.658974
2006-07-31 00:00:00,SEK,1.656119
2006-08-31 00:00:00,SEK,1.657226
2006-09-30 00:00:00,SEK,1.666900
2006-10-31 00:00:00,SEK,1.667075
2006-11-30 00:00:00,SEK,1.669172
2006-12-31 00:00:00,SEK,1.669172
2007-01-31 00:00:00,SEK,1.660897
2007-02-28 00:00:00,SEK,1.669289
2007-03-31 00:00:00,SEK,1.680245
2007-04-30 00:00:00,SEK,1.688753
2007-05-31 00:00:00,SEK,1.686946
2007-06-30 00:00:00,SEK,1.689685
2007-07-31 00:00:00,SEK,1.687005
2007-08-31 00:00:00,SEK,1.686538
2007-09-30 00:00:00,SEK,1.703380
2007-10-31 00:00:00,SEK,1.712413
2007-11-30 00:00:00,SEK,1.723485
2007-12-31 00:00:00,SEK,1.726807
2008-01-31 00:00:00,SEK,1.713811
2008-02-29 00:00:00,SEK,1.720746
2008-03-31 00:00:00,SEK,1.737063
2008-04-30 00:00:00,SEK,1.746329
2008-05-31 00:00:00,SEK,1.754021
2008-06-30 00:00:00,SEK,1.762529
2008-07-31 00:00:00,SEK,1.760548
2008-08-31 00:00:00,SEK,1.759790
2008-09-30 00:00:00,SEK,1.777855
2008-10-31 00:00:00,SEK,1.780653
2008-11-30 00:00:00,SEK,1.766084
2008-12-31 00:00:00,SEK,1.742366
2009-01-31 00:00:00,SEK,1.735897
2009-02-28 00:00:00,SEK,1.736305
2009-03-31 00:00:00,SEK,1.741259
2009-04-30 00:00:00,SEK,1.743939
2009-05-31 00:00:00,SEK,1.745047
2009-06-30 00:00:00,SEK,1.749242
2009-07-31 00:00:00,SEK,1.741259
2009-08-31 00:00:00,SEK,1.744872
2009-09-30 00:00:00,SEK,1.750291
2009-10-31 00:00:00,SEK,1.754720
2009-11-30 00:00:00,SEK,1.754254
2009-12-31 00:00:00,SEK,1.758100
2010-01-31 00:00:00,SEK,1.747028
2010-02-28 00:00:00,SEK,1.757517
2010-03-31 00:00:00,SEK,1.761772
2010-04-30 00:00:00,SEK,1.762005
2010-05-31 00:00:00,SEK,1.765268
2010-06-30 00:00:00,SEK,1.765559
2010-07-31 00:00:00,SEK,1.760140
2010-08-31 00:00:00,SEK,1.760256
2010-09-30 00:00:00,SEK,1.775058
2010-10-31 00:00:00,SEK,1.780711
2010-11-30 00:00:00,SEK,1.786597
2010-12-31 00:00:00,SEK,1.799126
2011-01-31 00:00:00,SEK,1.784091
2011-02-28 00:00:00,SEK,1.794988
2011-03-31 00:00:00,SEK,1.807168
2011-04-30 00:00:00,SEK,1.814918
2011-05-31 00:00:00,SEK,1.818298
2011-06-30 00:00:00,SEK,1.813986
2011-07-31 00:00:00,SEK,1.813112
2011-08-31 00:00:00,SEK,1.813695
2011-09-30 00:00:00,SEK,1.826399
2011-10-31 00:00:00,SEK,1.826457
2011-11-30 00:00:00,SEK,1.830769
2011-12-31 00:00:00,SEK,1.834382
2012-01-31 00:00:00,SEK,1.817308
2012-02-29 00:00:00,SEK,1.829371
2012-03-31 00:00:00,SEK,1.834499
2012-04-30 00:00:00,SEK,1.838520
2012-05-31 00:00:00,SEK,1.837005
2012-06-30 00:00:00,SEK,1.832459
2012-07-31 00:00:00,SEK,1.825350
2012-08-31 00:00:00,SEK,1.827214
2012-09-30 00:00:00,SEK,1.834557
2012-10-31 00:00:00,SEK,1.833275
2012-11-30 00:00:00,SEK,1.833275
2012-12-31 00:00:00,SEK,1.833275
1988-01-31 00:00:00,AUD,1.000000
1988-02-29 00:00:00,AUD,1.000000
1988-03-31 00:00:00,AUD,1.016807
1988-04-30 00:00:00,AUD,1.016807
1988-05-31 00:00:00,AUD,1.016807
1988-06-30 00:00:00,AUD,1.035714
1988-07-31 00:00:00,AUD,1.035714
1988-08-31 00:00:00,AUD,1.035714
1988-09-30 00:00:00,AUD,1.054622
1988-10-31 00:00:00,AUD,1.054622
1988-11-30 00:00:00,AUD,1.054622
1988-12-31 00:00:00,AUD,1.075630
1989-01-31 00:00:00,AUD,1.075630
1989-02-28 00:00:00,AUD,1.075630
1989-03-31 00:00:00,AUD,1.086134
1989-04-30 00:00:00,AUD,1.086134
1989-05-31 00:00:00,AUD,1.086134
1989-06-30 00:00:00,AUD,1.113445
1989-07-31 00:00:00,AUD,1.113445
1989-08-31 00:00:00,AUD,1.113445
1989-09-30 00:00:00,AUD,1.138655
1989-10-31 00:00:00,AUD,1.138655
1989-11-30 00:00:00,AUD,1.138655
1989-12-31 00:00:00,AUD,1.159664
1990-01-31 00:00:00,AUD,1.159664
1990-02-28 00:00:00,AUD,1.159664
1990-03-31 00:00:00,AUD,1.180672
1990-04-30 00:00:00,AUD,1.180672
1990-05-31 00:00:00,AUD,1.180672
1990-06-30 00:00:00,AUD,1.199580
1990-07-31 00:00:00,AUD,1.199580
1990-08-31 00:00:00,AUD,1.199580
1990-09-30 00:00:00,AUD,1.207983
1990-10-31 00:00:00,AUD,1.207983
1990-11-30 00:00:00,AUD,1.207983
1990-12-31 00:00:00,AUD,1.239496
1991-01-31 00:00:00,AUD,1.239496
1991-02-28 00:00:00,AUD,1.239496
1991-03-31 00:00:00,AUD,1.237395
1991-04-30 00:00:00,AUD,1.237395
1991-05-31 00:00:00,AUD,1.237395
1991-06-30 00:00:00,AUD,1.239496
1991-07-31 00:00:00,AUD,1.239496
1991-08-31 00:00:00,AUD,1.239496
1991-09-30 00:00:00,AUD,1.245798
1991-10-31 00:00:00,AUD,1.245798
1991-11-30 00:00:00,AUD,1.245798
1991-12-31 00:00:00,AUD,1.258403
1992-01-31 00:00:00,AUD,1.258403
1992-02-29 00:00:00,AUD,1.258403
1992-03-31 00:00:00,AUD,1.258403
1992-04-30 00:00:00,AUD,1.258403
1992-05-31 00:00:00,AUD,1.258403
1992-06-30 00:00:00,AUD,1.254202
1992-07-31 00:00:00,AUD,1.254202
1992-08-31 00:00:00,AUD,1.254202
1992-09-30 00:00:00,AUD,1.256303
1992-10-31 00:00:00,AUD,1.256303
1992-11-30 00:00:00,AUD,1.256303
1992-12-31 00:00:00,AUD,1.262605
1993-01-31 00:00:00,AUD,1.262605
1993-02-28 00:00:00,AUD,1.262605
1993-03-31 00:00:00,AUD,1.273109
1993-04-30 00:00:00,AUD,1.273109
1993-05-31 00:00:00,AUD,1.273109
1993-06-30 00:00:00,AUD,1.277311
1993-07-31 00:00:00,AUD,1.277311
1993-08-31 00:00:00,AUD,1.277311
1993-09-30 00:00:00,AUD,1.283613
1993-10-31 00:00:00,AUD,1.283613
1993-11-30 00:00:00,AUD,1.283613
1993-12-31 00:00:00,AUD,1.285714
1994-01-31 00:00:00,AUD,1.285714
1994-02-28 00:00:00,AUD,1.285714
1994-03-31 00:00:00,AUD,1.292017
1994-04-30 00:00:00,AUD,1.292017
1994-05-31 00:00:00,AUD,1.292017
1994-06-30 00:00:00,AUD,1.300420
1994-07-31 00:00:00,AUD,1.300420
1994-08-31 00:00:00,AUD,1.300420
1994-09-30 00:00:00,AUD,1.308824
1994-10-31 00:00:00,AUD,1.308824
1994-11-30 00:00:00,AUD,1.308824
1994-12-31 00:00:00,AUD,1.319328
1995-01-31 00:00:00,AUD,1.319328
1995-02-28 00:00:00,AUD,1.319328
1995-03-31 00:00:00,AUD,1.340336
1995-04-30 00:00:00,AUD,1.340336
1995-05-31 00:00:00,AUD,1.340336
1995-06-30 00:00:00,AUD,1.359244
1995-07-31 00:00:00,AUD,1.359244
1995-08-31 00:00:00,AUD,1.359244
1995-09-30 00:00:00,AUD,1.376050
1995-10-31 00:00:00,AUD,1.376050
1995-11-30 00:00:00,AUD,1.376050
1995-12-31 00:00:00,AUD,1.386555
1996-01-31 00:00:00,AUD,1.386555
1996-02-29 00:00:00,AUD,1.386555
1996-03-31 00:00:00,AUD,1.390756
1996-04-30 00:00:00,AUD,1.390756
1996-05-31 00:00:00,AUD,1.390756
1996-06-30 00:00:00,AUD,1.401261
1996-07-31 00:00:00,AUD,1.401261
1996-08-31 00:00:00,AUD,1.401261
1996-09-30 00:00:00,AUD,1.405462
1996-10-31 00:00:00,AUD,1.405462
1996-11-30 00:00:00,AUD,1.405462
1996-12-31 00:00:00,AUD,1.407563
1997-01-31 00:00:00,AUD,1.407563
1997-02-28 00:00:00,AUD,1.407563
1997-03-31 00:00:00,AUD,1.409664
1997-04-30 00:00:00,AUD,1.409664
1997-05-31 00:00:00,AUD,1.409664
1997-06-30 00:00:00,AUD,1.405462
1997-07-31 00:00:00,AUD,1.405462
1997-08-31 00:00:00,AUD,1.405462
1997-09-30 00:00:00,AUD,1.399160
1997-10-31 00:00:00,AUD,1.399160
1997-11-30 00:00:00,AUD,1.399160
1997-12-31 00:00:00,AUD,1.403361
1998-01-31 00:00:00,AUD,1.403361
1998-02-28 00:00:00,AUD,1.403361
1998-03-31 00:00:00,AUD,1.407563
1998-04-30 00:00:00,AUD,1.407563
1998-05-31 00:00:00,AUD,1.407563
1998-06-30 00:00:00,AUD,1.415966
1998-07-31 00:00:00,AUD,1.415966
1998-08-31 00:00:00,AUD,1.415966
1998-09-30 00:00:00,AUD,1.418067
1998-10-31 00:00:00,AUD,1.418067
1998-11-30 00:00:00,AUD,1.418067
1998-12-31 00:00:00,AUD,1.424370
1999-01-31 00:00:00,AUD,1.424370
1999-02-28 00:00:00,AUD,1.424370
1999-03-31 00:00:00,AUD,1.424370
1999-04-30 00:00:00,AUD,1.424370
1999-05-31 00:00:00,AUD,1.424370
1999-06-30 00:00:00,AUD,1.430672
1999-07-31 00:00:00,AUD,1.430672
1999-08-31 00:00:00,AUD,1.430672
1999-09-30 00:00:00,AUD,1.443277
1999-10-31 00:00:00,AUD,1.443277
1999-11-30 00:00:00,AUD,1.443277
1999-12-31 00:00:00,AUD,1.451681
2000-01-31 00:00:00,AUD,1.451681
2000-02-29 00:00:00,AUD,1.451681
2000-03-31 00:00:00,AUD,1.464286
2000-04-30 00:00:00,AUD,1.464286
2000-05-31 00:00:00,AUD,1.464286
2000-06-30 00:00:00,AUD,1.474790
2000-07-31 00:00:00,AUD,1.474790
2000-08-31 00:00:00,AUD,1.474790
2000-09-30 00:00:00,AUD,1.531513
2000-10-31 00:00:00,AUD,1.531513
2000-11-30 00:00:00,AUD,1.531513
2000-12-31 00:00:00,AUD,1.535714
2001-01-31 00:00:00,AUD,1.535714
2001-02-28 00:00:00,AUD,1.535714
2001-03-31 00:00:00,AUD,1.552521
2001-04-30 00:00:00,AUD,1.552521
2001-05-31 00:00:00,AUD,1.552521
2001-06-30 00:00:00,AUD,1.565126
2001-07-31 00:00:00,AUD,1.565126
2001-08-31 00:00:00,AUD,1.565126
2001-09-30 00:00:00,AUD,1.569328
2001-10-31 00:00:00,AUD,1.569328
2001-11-30 00:00:00,AUD,1.569328
2001-12-31 00:00:00,AUD,1.584034
2002-01-31 00:00:00,AUD,1.584034
2002-02-28 00:00:00,AUD,1.584034
2002-03-31 00:00:00,AUD,1.598739
2002-04-30 00:00:00,AUD,1.598739
2002-05-31 00:00:00,AUD,1.598739
2002-06-30 00:00:00,AUD,1.609244
2002-07-31 00:00:00,AUD,1.609244
2002-08-31 00:00:00,AUD,1.609244
2002-09-30 00:00:00,AUD,1.619748
2002-10-31 00:00:00,AUD,1.619748
2002-11-30 00:00:00,AUD,1.619748
2002-12-31 00:00:00,AUD,1.630252
2003-01-31 00:00:00,AUD,1.630252
2003-02-28 00:00:00,AUD,1.630252
2003-03-31 00:00:00,AUD,1.651261
2003-04-30 00:00:00,AUD,1.651261
2003-05-31 00:00:00,AUD,1.651261
2003-06-30 00:00:00,AUD,1.651261
2003-07-31 00:00:00,AUD,1.651261
2003-08-31 00:00:00,AUD,1.651261
2003-09-30 00:00:00,AUD,1.661765
2003-10-31 00:00:00,AUD,1.661765
2003-11-30 00:00:00,AUD,1.661765
2003-12-31 00:00:00,AUD,1.670168
2004-01-31 00:00:00,AUD,1.670168
2004-02-29 00:00:00,AUD,1.670168
2004-03-31 00:00:00,AUD,1.684874
2004-04-30 00:00:00,AUD,1.684874
2004-05-31 00:00:00,AUD,1.684874
2004-06-30 00:00:00,AUD,1.693277
2004-07-31 00:00:00,AUD,1.693277
2004-08-31 00:00:00,AUD,1.693277
2004-09-30 00:00:00,AUD,1.699580
2004-10-31 00:00:00,AUD,1.699580
2004-11-30 00:00:00,AUD,1.699580
2004-12-31 00:00:00,AUD,1.712185
2005-01-31 00:00:00,AUD,1.712185
2005-02-28 00:00:00,AUD,1.712185
2005-03-31 00:00:00,AUD,1.724790
2005-04-30 00:00:00,AUD,1.724790
2005-05-31 00:00:00,AUD,1.724790
2005-06-30 00:00:00,AUD,1.735294
2005-07-31 00:00:00,AUD,1.735294
2005-08-31 00:00:00,AUD,1.735294
2005-09-30 00:00:00,AUD,1.752101
2005-10-31 00:00:00,AUD,1.752101
2005-11-30 00:00:00,AUD,1.752101
2005-12-31 00:00:00,AUD,1.760504
2006-01-31 00:00:00,AUD,1.760504
2006-02-28 00:00:00,AUD,1.760504
2006-03-31 00:00:00,AUD,1.775210
2006-04-30 00:00:00,AUD,1.775210
2006-05-31 00:00:00,AUD,1.775210
2006-06-30 00:00:00,AUD,1.804622
2006-07-31 00:00:00,AUD,1.804622
2006-08-31 00:00:00,AUD,1.804622
2006-09-30 00:00:00,AUD,1.821429
2006-10-31 00:00:00,AUD,1.821429
2006-11-30 00:00:00,AUD,1.821429
2006-12-31 00:00:00,AUD,1.819328
2007-01-31 00:00:00,AUD,1.819328
2007-02-28 00:00:00,AUD,1.819328
2007-03-31 00:00:00,AUD,1.819328
2007-04-30 00:00:00,AUD,1.819328
2007-05-31 00:00:00,AUD,1.819328
2007-06-30 00:00:00,AUD,1.842437
2007-07-31 00:00:00,AUD,1.842437
2007-08-31 00:00:00,AUD,1.842437
2007-09-30 00:00:00,AUD,1.855042
2007-10-31 00:00:00,AUD,1.855042
2007-11-30 00:00:00,AUD,1.855042
2007-12-31 00:00:00,AUD,1.871849
2008-01-31 00:00:00,AUD,1.871849
2008-02-29 00:00:00,AUD,1.871849
2008-03-31 00:00:00,AUD,1.897059
2008-04-30 00:00:00,AUD,1.897059
2008-05-31 00:00:00,AUD,1.897059
2008-06-30 00:00:00,AUD,1.924370
2008-07-31 00:00:00,AUD,1.924370
2008-08-31 00:00:00,AUD,1.924370
2008-09-30 00:00:00,AUD,1.947479
2008-10-31 00:00:00,AUD,1.947479
2008-11-30 00:00:00,AUD,1.947479
2008-12-31 00:00:00,AUD,1.941176
2009-01-31 00:00:00,AUD,1.941176
2009-02-28 00:00:00,AUD,1.941176
2009-03-31 00:00:00,AUD,1.943277
2009-04-30 00:00:00,AUD,1.943277
2009-05-31 00:00:00,AUD,1.943277
2009-06-30 00:00:00,AUD,1.951681
2009-07-31 00:00:00,AUD,1.951681
2009-08-31 00:00:00,AUD,1.951681
2009-09-30 00:00:00,AUD,1.970588
2009-10-31 00:00:00,AUD,1.970588
2009-11-30 00:00:00,AUD,1.970588
2009-12-31 00:00:00,AUD,1.981092
2010-01-31 00:00:00,AUD,1.981092
2010-02-28 00:00:00,AUD,1.981092
2010-03-31 00:00:00,AUD,2.000000
2010-04-30 00:00:00,AUD,2.000000
2010-05-31 00:00:00,AUD,2.000000
2010-06-30 00:00:00,AUD,2.012605
2010-07-31 00:00:00,AUD,2.012605
2010-08-31 00:00:00,AUD,2.012605
2010-09-30 00:00:00,AUD,2.027311
2010-10-31 00:00:00,AUD,2.027311
2010-11-30 00:00:00,AUD,2.027311
2010-12-31 00:00:00,AUD,2.035714
2011-01-31 00:00:00,AUD,2.035714
2011-02-28 00:00:00,AUD,2.035714
2011-03-31 00:00:00,AUD,2.065126
2011-04-30 00:00:00,AUD,2.065126
2011-05-31 00:00:00,AUD,2.065126
2011-06-30 00:00:00,AUD,2.084034
2011-07-31 00:00:00,AUD,2.084034
2011-08-31 00:00:00,AUD,2.084034
2011-09-30 00:00:00,AUD,2.096639
2011-10-31 00:00:00,AUD,2.096639
2011-11-30 00:00:00,AUD,2.096639
2011-12-31 00:00:00,AUD,2.096639
2012-01-31 00:00:00,AUD,2.096639
2012-02-29 00:00:00,AUD,2.096639
2012-03-31 00:00:00,AUD,2.098739
2012-04-30 00:00:00,AUD,2.098739
2012-05-31 00:00:00,AUD,2.098739
2012-06-30 00:00:00,AUD,2.109244
2012-07-31 00:00:00,AUD,2.109244
2012-08-31 00:00:00,AUD,2.109244
2012-09-30 00:00:00,AUD,2.138655
2012-10-31 00:00:00,AUD,2.138655
2012-11-30 00:00:00,AUD,2.138655
2012-12-31 00:00:00,AUD,2.138655
1988-01-31 00:00:00,JPY,1.000000
1988-02-29 00:00:00,JPY,0.998897
1988-03-31 00:00:00,JPY,1.002205
1988-04-30 00:00:00,JPY,1.006615
1988-05-31 00:00:00,JPY,1.006615
1988-06-30 00:00:00,JPY,1.004410
1988-07-31 00:00:00,JPY,1.003308
1988-08-31 00:00:00,JPY,1.004410
1988-09-30 00:00:00,JPY,1.013230
1988-10-31 00:00:00,JPY,1.020948
1988-11-30 00:00:00,JPY,1.017641
1988-12-31 00:00:00,JPY,1.014333
1989-01-31 00:00:00,JPY,1.014333
1989-02-28 00:00:00,JPY,1.012128
1989-03-31 00:00:00,JPY,1.019846
1989-04-30 00:00:00,JPY,1.034179
1989-05-31 00:00:00,JPY,1.039691
1989-06-30 00:00:00,JPY,1.038589
1989-07-31 00:00:00,JPY,1.037486
1989-08-31 00:00:00,JPY,1.034179
1989-09-30 00:00:00,JPY,1.044101
1989-10-31 00:00:00,JPY,1.052922
1989-11-30 00:00:00,JPY,1.044101
1989-12-31 00:00:00,JPY,1.045204
1990-01-31 00:00:00,JPY,1.049614
1990-02-28 00:00:00,JPY,1.051819
1990-03-31 00:00:00,JPY,1.056229
1990-04-30 00:00:00,JPY,1.063947
1990-05-31 00:00:00,JPY,1.069460
1990-06-30 00:00:00,JPY,1.065050
1990-07-31 00:00:00,JPY,1.065050
1990-08-31 00:00:00,JPY,1.066152
1990-09-30 00:00:00,JPY,1.072767
1990-10-31 00:00:00,JPY,1.081588
1990-11-30 00:00:00,JPY,1.080485
1990-12-31 00:00:00,JPY,1.080485
1991-01-31 00:00:00,JPY,1.090408
1991-02-28 00:00:00,JPY,1.087100
1991-03-31 00:00:00,JPY,1.092613
1991-04-30 00:00:00,JPY,1.095921
1991-05-31 00:00:00,JPY,1.101433
1991-06-30 00:00:00,JPY,1.099228
1991-07-31 00:00:00,JPY,1.100331
1991-08-31 00:00:00,JPY,1.103638
1991-09-30 00:00:00,JPY,1.104741
1991-10-31 00:00:00,JPY,1.115766
1991-11-30 00:00:00,JPY,1.119074
1991-12-31 00:00:00,JPY,1.112459
1992-01-31 00:00:00,JPY,1.112459
1992-02-29 00:00:00,JPY,1.110254
1992-03-31 00:00:00,JPY,1.115766
1992-04-30 00:00:00,JPY,1.126792
1992-05-31 00:00:00,JPY,1.127894
1992-06-30 00:00:00,JPY,1.127894
1992-07-31 00:00:00,JPY,1.123484
1992-08-31 00:00:00,JPY,1.124587
1992-09-30 00:00:00,JPY,1.130099
1992-10-31 00:00:00,JPY,1.128997
1992-11-30 00:00:00,JPY,1.125689
1992-12-31 00:00:00,JPY,1.123484
1993-01-31 00:00:00,JPY,1.123484
1993-02-28 00:00:00,JPY,1.124587
1993-03-31 00:00:00,JPY,1.130099
1993-04-30 00:00:00,JPY,1.135612
1993-05-31 00:00:00,JPY,1.140022
1993-06-30 00:00:00,JPY,1.137817
1993-07-31 00:00:00,JPY,1.141125
1993-08-31 00:00:00,JPY,1.144432
1993-09-30 00:00:00,JPY,1.144432
1993-10-31 00:00:00,JPY,1.143330
1993-11-30 00:00:00,JPY,1.135612
1993-12-31 00:00:00,JPY,1.137817
1994-01-31 00:00:00,JPY,1.138920
1994-02-28 00:00:00,JPY,1.140022
1994-03-31 00:00:00,JPY,1.144432
1994-04-30 00:00:00,JPY,1.144432
1994-05-31 00:00:00,JPY,1.146637
1994-06-30 00:00:00,JPY,1.143330
1994-07-31 00:00:00,JPY,1.137817
1994-08-31 00:00:00,JPY,1.143330
1994-09-30 00:00:00,JPY,1.146637
1994-10-31 00:00:00,JPY,1.153252
1994-11-30 00:00:00,JPY,1.148842
1994-12-31 00:00:00,JPY,1.143330
1995-01-31 00:00:00,JPY,1.144432
1995-02-28 00:00:00,JPY,1.141125
1995-03-31 00:00:00,JPY,1.141125
1995-04-30 00:00:00,JPY,1.142227
1995-05-31 00:00:00,JPY,1.144432
1995-06-30 00:00:00,JPY,1.142227
1995-07-31 00:00:00,JPY,1.136714
1995-08-31 00:00:00,JPY,1.138920
1995-09-30 00:00:00,JPY,1.145535
1995-10-31 00:00:00,JPY,1.142227
1995-11-30 00:00:00,JPY,1.137817
1995-12-31 00:00:00,JPY,1.137817
1996-01-31 00:00:00,JPY,1.138920
1996-02-29 00:00:00,JPY,1.137817
1996-03-31 00:00:00,JPY,1.138920
1996-04-30 00:00:00,JPY,1.144432
1996-05-31 00:00:00,JPY,1.145535
1996-06-30 00:00:00,JPY,1.141125
1996-07-31 00:00:00,JPY,1.141125
1996-08-31 00:00:00,JPY,1.138920
1996-09-30 00:00:00,JPY,1.141125
1996-10-31 00:00:00,JPY,1.142227
1996-11-30 00:00:00,JPY,1.138920
1996-12-31 00:00:00,JPY,1.140022
1997-01-31 00:00:00,JPY,1.138920
1997-02-28 00:00:00,JPY,1.137817
1997-03-31 00:00:00,JPY,1.138920
1997-04-30 00:00:00,JPY,1.158765
1997-05-31 00:00:00,JPY,1.162073
1997-06-30 00:00:00,JPY,1.162073
1997-07-31 00:00:00,JPY,1.157663
1997-08-31 00:00:00,JPY,1.157663
1997-09-30 00:00:00,JPY,1.166483
1997-10-31 00:00:00,JPY,1.169791
1997-11-30 00:00:00,JPY,1.162073
1997-12-31 00:00:00,JPY,1.160970
1998-01-31 00:00:00,JPY,1.162073
1998-02-28 00:00:00,JPY,1.160970
1998-03-31 00:00:00,JPY,1.164278
1998-04-30 00:00:00,JPY,1.166483
1998-05-31 00:00:00,JPY,1.170893
1998-06-30 00:00:00,JPY,1.166483
1998-07-31 00:00:00,JPY,1.157663
1998-08-31 00:00:00,JPY,1.156560
1998-09-30 00:00:00,JPY,1.165380
1998-10-31 00:00:00,JPY,1.174201
1998-11-30 00:00:00,JPY,1.173098
1998-12-31 00:00:00,JPY,1.169791
1999-01-31 00:00:00,JPY,1.163175
1999-02-28 00:00:00,JPY,1.158765
1999-03-31 00:00:00,JPY,1.159868
1999-04-30 00:00:00,JPY,1.164278
1999-05-31 00:00:00,JPY,1.164278
1999-06-30 00:00:00,JPY,1.162073
1999-07-31 00:00:00,JPY,1.156560
1999-08-31 00:00:00,JPY,1.159868
1999-09-30 00:00:00,JPY,1.164278
1999-10-31 00:00:00,JPY,1.164278
1999-11-30 00:00:00,JPY,1.158765
1999-12-31 00:00:00,JPY,1.154355
2000-01-31 00:00:00,JPY,1.152150
2000-02-29 00:00:00,JPY,1.148842
2000-03-31 00:00:00,JPY,1.152150
2000-04-30 00:00:00,JPY,1.155458
2000-05-31 00:00:00,JPY,1.154355
2000-06-30 00:00:00,JPY,1.148842
2000-07-31 00:00:00,JPY,1.146637
2000-08-31 00:00:00,JPY,1.148842
2000-09-30 00:00:00,JPY,1.148842
2000-10-31 00:00:00,JPY,1.146637
2000-11-30 00:00:00,JPY,1.143330
2000-12-31 00:00:00,JPY,1.144432
2001-01-31 00:00:00,JPY,1.143330
2001-02-28 00:00:00,JPY,1.138920
2001-03-31 00:00:00,JPY,1.136714
2001-04-30 00:00:00,JPY,1.140022
2001-05-31 00:00:00,JPY,1.141125
2001-06-30 00:00:00,JPY,1.136714
2001-07-31 00:00:00,JPY,1.134509
2001-08-31 00:00:00,JPY,1.137817
2001-09-30 00:00:00,JPY,1.135612
2001-10-31 00:00:00,JPY,1.134509
2001-11-30 00:00:00,JPY,1.128997
2001-12-31 00:00:00,JPY,1.127894
2002-01-31 00:00:00,JPY,1.123484
2002-02-28 00:00:00,JPY,1.119074
2002-03-31 00:00:00,JPY,1.122381
2002-04-30 00:00:00,JPY,1.125689
2002-05-31 00:00:00,JPY,1.127894
2002-06-30 00:00:00,JPY,1.126792
2002-07-31 00:00:00,JPY,1.123484
2002-08-31 00:00:00,JPY,1.127894
2002-09-30 00:00:00,JPY,1.126792
2002-10-31 00:00:00,JPY,1.125689
2002-11-30 00:00:00,JPY,1.125689
2002-12-31 00:00:00,JPY,1.123484
2003-01-31 00:00:00,JPY,1.120176
2003-02-28 00:00:00,JPY,1.116869
2003-03-31 00:00:00,JPY,1.119074
2003-04-30 00:00:00,JPY,1.122381
2003-05-31 00:00:00,JPY,1.123484
2003-06-30 00:00:00,JPY,1.122381
2003-07-31 00:00:00,JPY,1.117971
2003-08-31 00:00:00,JPY,1.120176
2003-09-30 00:00:00,JPY,1.121279
2003-10-31 00:00:00,JPY,1.121279
2003-11-30 00:00:00,JPY,1.116869
2003-12-31 00:00:00,JPY,1.119074
2004-01-31 00:00:00,JPY,1.114664
2004-02-29 00:00:00,JPY,1.114664
2004-03-31 00:00:00,JPY,1.117971
2004-04-30 00:00:00,JPY,1.119074
2004-05-31 00:00:00,JPY,1.120176
2004-06-30 00:00:00,JPY,1.121279
2004-07-31 00:00:00,JPY,1.115766
2004-08-31 00:00:00,JPY,1.117971
2004-09-30 00:00:00,JPY,1.119074
2004-10-31 00:00:00,JPY,1.125689
2004-11-30 00:00:00,JPY,1.123484
2004-12-31 00:00:00,JPY,1.119074
2005-01-31 00:00:00,JPY,1.114664
2005-02-28 00:00:00,JPY,1.111356
2005-03-31 00:00:00,JPY,1.115766
2005-04-30 00:00:00,JPY,1.115766
2005-05-31 00:00:00,JPY,1.117971
2005-06-30 00:00:00,JPY,1.113561
2005-07-31 00:00:00,JPY,1.111356
2005-08-31 00:00:00,JPY,1.111356
2005-09-30 00:00:00,JPY,1.114664
2005-10-31 00:00:00,JPY,1.114664
2005-11-30 00:00:00,JPY,1.111356
2005-12-31 00:00:00,JPY,1.111356
2006-01-31 00:00:00,JPY,1.111356
2006-02-28 00:00:00,JPY,1.108049
2006-03-31 00:00:00,JPY,1.111356
2006-04-30 00:00:00,JPY,1.114664
2006-05-31 00:00:00,JPY,1.117971
2006-06-30 00:00:00,JPY,1.116869
2006-07-31 00:00:00,JPY,1.113561
2006-08-31 00:00:00,JPY,1.120176
2006-09-30 00:00:00,JPY,1.120176
2006-10-31 00:00:00,JPY,1.119074
2006-11-30 00:00:00,JPY,1.113561
2006-12-31 00:00:00,JPY,1.114664
2007-01-31 00:00:00,JPY,1.112459
2007-02-28 00:00:00,JPY,1.108049
2007-03-31 00:00:00,JPY,1.112459
2007-04-30 00:00:00,JPY,1.115766
2007-05-31 00:00:00,JPY,1.117971
2007-06-30 00:00:00,JPY,1.114664
2007-07-31 00:00:00,JPY,1.112459
2007-08-31 00:00:00,JPY,1.116869
2007-09-30 00:00:00,JPY,1.119074
2007-10-31 00:00:00,JPY,1.120176
2007-11-30 00:00:00,JPY,1.116869
2007-12-31 00:00:00,JPY,1.119074
2008-01-31 00:00:00,JPY,1.115766
2008-02-29 00:00:00,JPY,1.112459
2008-03-31 00:00:00,JPY,1.119074
2008-04-30 00:00:00,JPY,1.122381
2008-05-31 00:00:00,JPY,1.127894
2008-06-30 00:00:00,JPY,1.131202
2008-07-31 00:00:00,JPY,1.130099
2008-08-31 00:00:00,JPY,1.131202
2008-09-30 00:00:00,JPY,1.134509
2008-10-31 00:00:00,JPY,1.133407
2008-11-30 00:00:00,JPY,1.128997
2008-12-31 00:00:00,JPY,1.127894
2009-01-31 00:00:00,JPY,1.121279
2009-02-28 00:00:00,JPY,1.117971
2009-03-31 00:00:00,JPY,1.121279
2009-04-30 00:00:00,JPY,1.121279
2009-05-31 00:00:00,JPY,1.119074
2009-06-30 00:00:00,JPY,1.114664
2009-07-31 00:00:00,JPY,1.110254
2009-08-31 00:00:00,JPY,1.112459
2009-09-30 00:00:00,JPY,1.111356
2009-10-31 00:00:00,JPY,1.106946
2009-11-30 00:00:00,JPY,1.104741
2009-12-31 00:00:00,JPY,1.103638
2010-01-31 00:00:00,JPY,1.100331
2010-02-28 00:00:00,JPY,1.100331
2010-03-31 00:00:00,JPY,1.105843
2010-04-30 00:00:00,JPY,1.108049
2010-05-31 00:00:00,JPY,1.105843
2010-06-30 00:00:00,JPY,1.102536
2010-07-31 00:00:00,JPY,1.094818
2010-08-31 00:00:00,JPY,1.099228
2010-09-30 00:00:00,JPY,1.101433
2010-10-31 00:00:00,JPY,1.106946
2010-11-30 00:00:00,JPY,1.103638
2010-12-31 00:00:00,JPY,1.099228
2011-01-31 00:00:00,JPY,1.094818
2011-02-28 00:00:00,JPY,1.094818
2011-03-31 00:00:00,JPY,1.098126
2011-04-30 00:00:00,JPY,1.100331
2011-05-31 00:00:00,JPY,1.099228
2011-06-30 00:00:00,JPY,1.095921
2011-07-31 00:00:00,JPY,1.095921
2011-08-31 00:00:00,JPY,1.097023
2011-09-30 00:00:00,JPY,1.098126
2011-10-31 00:00:00,JPY,1.101433
2011-11-30 00:00:00,JPY,1.093716
2011-12-31 00:00:00,JPY,1.094818
2012-01-31 00:00:00,JPY,1.092613
2012-02-29 00:00:00,JPY,1.092613
2012-03-31 00:00:00,JPY,1.097023
2012-04-30 00:00:00,JPY,1.097023
2012-05-31 00:00:00,JPY,1.093716
2012-06-30 00:00:00,JPY,1.089305
2012-07-31 00:00:00,JPY,1.088203
2012-08-31 00:00:00,JPY,1.089305
2012-09-30 00:00:00,JPY,1.090408
2012-10-31 00:00:00,JPY,1.091510
2012-11-30 00:00:00,JPY,1.091510
2012-12-31 00:00:00,JPY,1.091510
